ISO3,F1980,F1981,F1982,F1983,F1984,F1985,F1986,F1987,F1988,F1989,F1990,F1991,F1992,F1993,F1994,F1995,F1996,F1997,F1998,F1999,F2000,F2001,F2002,F2003,F2004,F2005,F2006,F2007,F2008,F2009,F2010,F2011,F2012,F2013,F2014,F2015,F2016,F2017,F2018,F2019,F2020,F2021,F2022
AFG,,,,,,,,,,,,,,,,,,,,,1,,,,,,1,,1,,,1,,,,,,,1,,,1,
AFG,,,,,,,,,,,1,1,,,,,,,,,,2,,,,1,,,1,,,,1,,,,,,,,,,
AFG,1,,,,,,,,1,,,3,2,,,2,1,2,1,1,,,4,8,2,8,7,7,1,3,2,2,6,4,2,1,4,1,3,6,5,2,5
AFG,,,,,,,,1,,,,,,2,,1,,1,1,,,,1,,,,2,,,1,2,,3,1,,4,,2,1,1,1,1,1
AFG,,,,,,,,,,,,,,1,,,,,,,,,,,,1,2,,,,,1,,,1,,,2,,,1,,
AFG,1,,,,,,,1,1,,1,4,2,3,,3,1,3,2,2,1,2,5,8,2,10,12,7,3,4,4,4,10,5,3,5,4,5,5,7,7,4,6
AFG,,,,,,,,,,,,,,,,,,,,1,,,,,,,,,,,,,,,,,,,,,,,
ALB,,,,,,,,,,1,,,,,,,,,,,,,,,,,,,,,,,,,,,,,,,,,
ALB,,,,,,1,,,,,,,,,,,,,,,,,,,1,,,1,,,,,1,,,,,1,,,,,
ALB,,,,,,,,,,,,,1,,,2,,1,,,,,1,,1,1,,,,1,1,,,,,3,1,1,1,,,1,
ALB,,,,,,1,,,,,,,,,,,,,,,,,,,,,,,,,,,,,,,,,,,,,
ALB,,,,,,,,,,,,,,,,,,,,,,,1,,,1,,,,,,,,,,,,,,,,,
ALB,,,,,,2,,,,1,,,1,,,2,,1,,,,,2,,2,2,,2,,1,1,,1,,,3,1,2,1,,,1,
ALB,,,,,,,,,,,,,,,,,,,,,,,,,,,,1,,,,,,,,,,,,,,,
DZA,,1,,,,,,,,,,,,,,,,,,,,,,,,,,,,,,,,,,,,,,,,,
DZA,,,,,,,,,,,,,,,,,,,,,,,,1,,,,,,,,,,,,,,1,,1,,,
DZA,,1,1,,1,1,,,,,,,1,1,2,,1,1,,1,4,1,3,3,2,2,1,6,1,2,,1,2,,,2,,,1,,,2,
DZA,,,,,,,,,,,,,,1,,,,,,,,,,,,,,,,,,,,,,,,,,,,,
DZA,,,,,,,,,1,,,,,,,,,,,,1,,,1,,1,,,,,,,,,,,,,,,,,
DZA,,2,1,,1,1,,,1,,,,1,2,3,,1,1,,1,5,1,3,5,2,3,1,7,1,2,,1,2,,,2,,1,1,1,,3,1
DZA,,,,,,,,,,,,,,,1,,,,,,,,,,,,,1,,,,,,,,,,,,,,1,1
ASM,,,,,,,,,,,,,,,,,,,,,,,,1,,,,,,,,,,,,,,,,,,,
ASM,,,,,,,,,,1,,,,,,,,,,,,,,,1,1,,,,,,,,,,,,,,,,,
ASM,,,,,,,,,,1,,,,,,,,,,,,,,1,1,1,,,,,,,,,,,,,,,,,
AGO,,1,,,,1,,,,1,,,,,,,,1,,,,1,,,1,,,,,,,,1,,,,,1,,,1,,
AGO,,,,,,,,,,1,,,,,,,,,,,4,2,1,2,3,1,1,2,1,3,3,4,,1,,3,4,1,1,3,2,2,
AGO,,,,,,,,,,,,,,,,,,,,,1,,,,,,,,,,,,,,,,,,,,,,
AGO,,1,,,,1,,,,2,,,,,,,,1,,,5,3,1,2,4,1,1,2,1,3,3,4,1,1,,3,4,2,1,3,3,2,
AIA,,,,,,,,,,,,,,,,,,,,1,,,,,,,,,,,,,,,,,,1,,,,,
AIA,,,,,,,,,,,,,,,,,,,,1,,,,,,,,,,,,,,,,,,1,,,,,
ATG,,,,1,,,,,,,,,,,,,,,,,,,,,,,,,,,,,,,,,,,,,,,
ATG,,,,,,,,,,1,1,,,,,1,,,1,2,,,,,,,,,1,,1,,,,,,,1,,,,,
ATG,,,,1,,,,,,1,1,,,,,1,,,1,2,,,,,,,,,1,,1,,,,,,,1,,,,,
ARG,,,,,,,,,,,,,,,,,,,,,,,,1,,,,,,1,,,,,,,,,1,1,,,
ARG,,,,,,,,,,,,,,,,1,,,,,1,1,1,,1,,,1,,,1,,,,,,,,,,,,
ARG,2,,1,2,,2,1,1,1,,1,,2,3,,2,,1,1,,4,3,1,2,2,,1,2,1,2,,,1,1,3,3,2,3,3,3,1,1,
ARG,,,,,1,,,,,,,,,,,,,,,,,,,,,,,,,1,,,,,1,,,1,,,,,
ARG,,,,,,,1,1,,,,,,1,,1,,,1,,2,2,1,1,,1,,,,1,,,2,1,,1,,,1,,1,,
ARG,2,,1,2,1,2,2,3,1,,1,,2,4,1,4,,1,2,1,8,7,3,4,3,1,1,3,1,5,1,,3,2,4,4,2,4,5,4,2,2,1
ARG,,,,,,,,1,,,,,,,1,,,,,1,1,1,,,,,,,,,,,,,,,,,,,,1,1
ARM,,,,,,,,,,,,,,,,,,,,,1,,,,,,,,,,,,,,,,,,,,,,
ARM,,,,,,,,,,,,,,,,,,,,,,,,,,,,,,,,,,1,,,,,,,,,
ARM,,,,,,,,,,,,,,,,,,1,1,,,,,,1,,,,,,,,,,,,,,,,,,
ARM,,,,,,,,,,,,,,,,,,,,,,,,,,,,,,,,,,,,,1,,,,,,
ARM,,,,,,,,,,,,,,,,,,,,,,,,,,,,,,,,,,1,,,,,1,1,1,,
ARM,,,,,,,,,,,,,,,,,,1,1,,1,,,,1,,,,,,,,,2,,,1,,1,1,1,,
AUS,,1,,,,,,,,,,1,1,,,,,,,,,,1,,,,1,,,,,,,,,,,,1,,,,
AUS,,,,,,,,,,,,,,1,2,1,,,,,,,,,,,,,,1,,,,,1,,,,1,,,,
AUS,,1,,,1,,1,,2,1,2,,,1,,,2,1,6,,1,4,,4,3,1,1,1,4,2,5,1,2,,,1,1,,1,1,1,4,5
AUS,,,,,,,,,,,,,,,,,1,1,,,,,,,,,,,,,,,,,,,,,,,,,
AUS,,,3,,,1,3,,1,2,1,2,2,2,4,4,6,,,4,3,3,3,5,3,2,3,1,1,2,3,1,,1,1,4,1,2,,,2,2,
AUS,,2,3,1,1,3,4,,3,3,4,3,3,4,8,5,9,4,6,5,5,9,5,10,6,4,8,2,5,6,8,3,2,3,4,8,3,3,3,3,3,7,5
AUS,,,,1,,2,,,,,1,,,,2,,,2,,1,1,2,1,1,,1,3,,,1,,1,,2,2,3,1,1,,2,,1,
AUT,,,,,,,,,,,,,,,,,,,,,,,,1,,1,,1,,1,,,1,,,,,,,1,,,
AUT,1,,1,1,,1,,,,,,1,,,,1,1,1,,1,,,1,,,2,1,,,2,,,,1,,,1,,,,,1,
AUT,,,1,,1,,,,,,,,,,,,,,,1,1,,,,,,,,,,,,,,,,,,,,,,
AUT,,1,,,1,,,,,,5,1,,1,1,,,,,,1,,2,,,,,1,1,1,,,,,,,,2,,1,,,1
AUT,1,1,2,1,2,1,,,,,5,2,,1,1,1,1,1,,2,2,,3,1,,3,1,2,1,4,,,1,1,,,1,2,,2,,1,1
AZE,,,,,,,,,,,,,,,,,,,,,1,,,,,,,,,,,,,,,,,,,,,,
AZE,,,,,,,,,,,,,,,,,,,,,,,,,,,,,,,,,1,,,,,,,,,,
AZE,,,,,,,,,,,,,,,,3,,1,,,,,,1,,,,,,1,1,,,,,,,,,,,,
AZE,,,,,,,,,,,,,,,,,,,,,1,,,,,,,,,,,,,,,,,,,,,,
AZE,,,,,,,,,,,,,,,,3,,1,,,2,,,1,,,,,,1,1,,1,,,,,,,,,,
AZO,,,,,,,,,,,,,,,,,,1,,,,,,,,,,,,,,,,,,,,,,,,,
AZO,,,,,,,,,,,,,,,,,1,,,,,,,,,,,,,,,,,,,,,,,,,,
AZO,,,,,,,,,,,,,,,,,1,1,,,,,,,,,,,,,,,,,,,,,,,,,
BHS,,,,,,,,,1,,,,,,,,,,,,,,,,,,,,,,,,,1,,,,,,,,,
BHS,,,,,,,,,,,1,,1,,,1,,,,1,,1,,,3,1,,1,2,,,1,1,,,1,1,1,,1,,,
BHS,,,,,,,,,1,,1,,1,,,1,,,,1,,1,,,3,1,,1,2,,,1,1,1,,1,1,1,,1,,,
BGD,,,1,,,,,,,1,,,,,,,,,,,,,,,,,,,,1,,,,,,,,,,,,,
BGD,,,,,,,,,,2,2,1,,,1,1,1,1,1,,1,1,1,2,,2,,1,,1,,2,1,,,,,,1,1,,,
BGD,1,,1,4,1,2,2,2,2,1,2,3,3,3,4,4,2,1,1,5,3,2,1,2,3,3,2,2,2,2,2,1,2,,2,2,1,2,2,1,1,1,1
BGD,,,,,,,,,,,,,,,,,,,,,,,,,,,,,1,,1,1,,,,1,,1,,1,,,
BGD,1,3,,4,,3,4,1,4,2,4,2,2,8,4,4,4,5,5,6,7,4,4,3,4,7,5,2,2,2,3,1,2,3,2,4,2,2,1,3,1,1,1
BGD,2,3,2,8,1,5,6,3,6,6,8,6,5,11,9,9,7,7,7,11,11,7,6,7,7,12,7,5,5,6,6,5,5,3,4,7,3,5,4,6,2,2,2
BRB,,,,,,,,,,,,,,,,,,,,,,,,,,,,,,,1,,,,,,,,,,,,
BRB,,,,,1,,,,,,,,,,,,,,,,,,,,,,,,,,,,,,,,,,,,,,
BRB,1,,,,,,,1,,,,,,,,1,,,,,,,1,,1,,,,,,1,,,,,,,1,,,,1,
BRB,1,,,,1,,,1,,,,,,,,1,,,,,,,1,,1,,,,,,2,,,,,,,1,,,,1,
BLR,,,,,,,,,,,,,,,,,,,,,1,,,,,1,,,,,,,1,1,1,,,1,,,,,
BLR,,,,,,,,,,,,,,1,,,1,,,1,,,,,,,,,,,,,,,,,,,1,,,,
BLR,,,,,,,,,,,,,,,,,,1,,,,,,,,,,1,,,,,,,,,,,,,,,
BLR,,,,,,,,,,,,,,1,,,1,1,,1,1,,,,,1,,1,,,,,1,1,1,,,1,1,,,,
BEL,,,,,,1,,,,,,,,,,,,,,,,,,1,,2,1,,1,,,,1,,,1,,,1,3,1,,
BEL,,,,,,,,,,,,,,2,1,,,,1,,,,4,1,,1,,,,,1,1,,,,,1,,,,,1,
BEL,,,,,1,1,,,,,6,,,,,1,,,1,2,,,1,,,,,1,1,,2,1,,2,1,,1,,1,,1,2,1
BEL,,,,,1,2,,,,,6,,,2,1,1,,,2,2,,,5,2,,3,1,1,2,,3,2,1,2,1,1,2,,2,3,2,3,1
BLZ,,,,,,,,,,,1,,,,,,,,,,,,,,,,,,,,,,,,,,,,,,,,
BLZ,,,,,,,,,,,1,,,,,1,,,,,,,,,,,,,1,,,,,,,1,,,,,,,
BLZ,,,,,,,,,,,,,,,,,,,1,,1,2,,,,2,,1,1,,1,,,,,,1,,,,1,,1
BLZ,,,,,,,,,,,2,,,,,1,,,1,,1,2,,,,2,,1,2,,1,,,,,1,1,,,,1,,1
BEN,1,,,,,,,,,,,,,,,,,,,,,,,,,,,,,,,,,,,,,,,,,,
BEN,,,1,,,1,,,1,,,1,,,1,1,1,1,1,1,,,,,,,,1,1,2,1,1,1,1,,,,,,,1,1,1
BEN,,,,,,,,,,,,,,,,,,,,,,,,,,,,,,1,,,,,,,,,,,,,
BEN,1,,1,,1,1,,,1,,,1,,,1,1,1,1,1,1,,,,,,,,1,1,3,1,1,1,2,,,,,,,1,1,1
BEN,,,,,1,,,,,,,,,,,,,,,,,,,,,,,,,,,,,1,,,,,,,,,
BMU,,,,,,1,1,1,,1,,,,,,,,,,,,,,1,,,,,,,,,,,,,,,,,,,
BMU,,,,,,1,1,1,,1,,,,,,,,,,,,,,1,,,,,,,,,,,,,,,,,,,
BTN,,,,,,,,,,,,,,,1,,,,,,1,,,,1,,,,,,,,,,,,,,,,,1,
BTN,,,,,,,,,,,,,,,1,,,,,,,,,,,,,,,1,,,,,,,,,,,,,
BTN,,,,,,,,,,,,,,,2,,,,,1,1,,,,1,,,,,1,,,,,,,,,,,,1,
BTN,,,,,,,,,,,,,,,,,,,,1,,,,,,,,,,,,,,,,,,,,,,,
BOL,,,,2,,,,,1,,1,,,,1,,,,,,1,,,,1,,,,1,,1,,,1,1,,1,,,,,,
BOL,,,,,,,,,,,,,,,,,,,,,1,1,,,,,,1,,,1,,,1,,,,,,,,,
BOL,1,,1,1,1,1,1,1,,,,,2,,,,,2,,1,2,1,1,3,,,2,2,,1,1,1,1,2,2,1,2,,1,2,2,7,1
BOL,,,,,,,,,,,,,1,,1,,1,,1,,,,,1,,,,,,,,1,,1,1,,,,,1,,,
BOL,,,,,,,,,,,,,,,,,,,,,,,1,,,,,,1,,,,,,,,,,,,,,
BOL,1,,1,3,1,1,1,1,1,,1,,3,,2,,1,2,1,2,4,2,3,4,1,1,2,3,2,1,4,2,1,5,4,1,3,,1,4,3,7,1
BOL,,,,,,,,,,,,,,,,,,,,1,,,1,,,1,,,,,1,,,,,,,,,1,1,,
BIH,,,,,,,,,,,,,,,,,,,,,1,,,1,,,,,,,,,,,,,,,,,,,
BIH,,,,,,,,,,,,,,,,,,,,,,,,,,,,1,,1,1,,1,,,,,,,,,,
BIH,,,,,,,,,,,,,,,,,,,,,,1,,,2,1,,,,2,2,,,,4,1,,,,2,1,1,1
BIH,,,,,,,,,,,,,,,,,,,,,1,,,,,,,,,,,,,,,,,,,,,,
BIH,,,,,,,,,,,,,,,,,,,,1,,,,,,1,,,,,,,,,,,,,,,,,
BIH,,,,,,,,,,,,,,,,,,,,1,2,1,,1,2,2,,1,,3,3,,1,,4,1,,,,2,1,1,1
BWA,,1,,,,,,,,,1,,,,,,,,,,,,,,,,,,,,,,,,,1,,,,1,,,
BWA,,,,,,,,,1,,,,,,,1,,,,,1,,,,1,,,,,2,,1,,1,,,,1,1,,,,
BWA,,,,,,,,,,,,,,,,,,,,,,,,,,,,,,1,,,,,,,,,,,,,
BWA,,1,,,,,,,1,,1,,,,,1,,,,,1,,,,1,,,,,3,,1,,1,,1,,1,1,1,,,
BRA,,,,1,,1,,1,1,,,,,,1,,,,1,,,1,1,,1,1,,1,,,1,,1,,1,,,,,,1,1,1
BRA,,,,,,,,,1,,,,,,1,,,,,,1,,,,1,,,,,,1,,,,,,,,,,,,
BRA,2,2,,2,5,2,1,2,3,4,2,1,4,,,3,1,3,5,1,4,3,2,5,2,2,2,3,4,7,3,8,2,5,4,4,2,1,2,7,5,8,11
BRA,,,,1,,,,,,3,,1,1,,,2,3,,,1,1,,2,,,,,1,,1,,,,,,1,,,1,,,,
BRA,1,,1,,1,1,,,,1,,,,,1,,,1,,,,1,,,1,1,,,1,1,,,,1,,1,,,,,1,,
BRA,3,2,1,4,6,4,1,3,5,8,2,2,5,,3,5,4,4,8,3,6,5,5,5,5,4,2,5,5,9,5,8,3,6,5,6,2,1,3,8,7,9,12
BRA,,,,,,,,,,,,,,,,,,,2,1,,,,,,,,,,,,,,,,,,,,1,,,
VGB,,,,,,,,,,,,,,,,,1,,,,,,,,,,,,,,,,,,,,,2,,,,,
VGB,,,,,,,,,,,,,,,,,1,,,,,,,,,,,,,,,,,,,,,2,,,,,
BRN,,,,,,,,,,,,,,,,,,,1,,,,,,,,,,,,,,,,,,,,,,,,
BRN,,,,,,,,,,,,,,,,,,,1,,,,,,,,,,,,,,,,,,,,,,,,
BGR,,,,1,,,,,,,,,,,,,,,,,1,,,,,,,,,,,,,,,,,,,,,,
BGR,,,,,,,,,,,,,,,,,,,1,,2,,,,,1,,1,1,,1,,2,,,,,,,,,,
BGR,,,,,,,,,,,,,,,,,,1,,,,,1,,,5,2,3,,,1,,1,,4,1,,,1,,,1,1
BGR,,1,,,,,,,,,,,,1,,,,,,1,,1,,,,1,,,,,,,,,1,,,,,,,,
BGR,,1,,1,,,,,,,,,,1,,,,1,1,1,4,2,1,,,7,2,6,1,,2,,3,,5,1,,,1,,,2,1
BGR,,,,,,,,,,,,,,,,,,,,,1,1,,,,,,2,,,,,,,,,,,,,,1,
BFA,1,,,,,,,,1,,1,,,,,1,,,1,,,1,,,,,,,,,,1,,,1,,,,,,1,,1
BFA,,,,,1,1,,,1,,,,,,1,,,,,1,,,,1,,,2,1,2,2,1,,1,1,,1,1,1,,,3,,
BFA,1,,,,1,1,,,2,,1,,,,1,1,,,1,1,,1,,1,,,2,1,2,2,1,1,1,1,1,1,1,1,,,4,,1
BDI,,,,,,,,,,,,,,,,,,,,1,,,,1,,1,,,1,1,1,,,,,,,,,,,,
BDI,,,,,,,,,,1,,,,,,,,,,,1,,2,,1,1,6,2,2,1,2,1,,,1,1,,,3,2,2,1,
BDI,,,,,,,,,,,,,,,,,,,,,,,,,,,,,,,,,,,,1,,1,,1,,,
BDI,,,,,,,,,,,,,,,,,,,,1,,,,,2,,1,,,,1,1,,,,,,,,,1,,
BDI,,,,,,,,,,1,,,,,,,,,,2,1,,2,1,3,2,7,2,3,2,4,2,,,1,2,,1,3,3,3,1,
CPV,1,,,,,,,,,,,,1,,,,,,1,,,,1,,,,,,,,,,,,,,,1,,,,,1
CPV,,,,,,,,,,,,,,,,,,,,,,,,,,,,,,1,,,,,,,,,,,1,,
CPV,,,1,,1,,,,,,,,,,,,,,,,,,,,,,,,,,,,,,,1,,,,,,,
CPV,1,,1,,1,,,,,,,,1,,,,,,1,,,,1,,,,,,,1,,,,,,1,,1,,,1,,1
KHM,,,,,,,,1,,,,,,,1,,,,,,,1,1,,,1,,,,,,,,,,,1,,,,,,
KHM,,,,,,,,,,,,1,,,1,,1,,,2,1,1,1,,1,1,2,1,,,1,1,1,1,1,1,,,1,1,,3,1
KHM,,,,,,,,,,,,,,,,,,1,,,,,,,,,,,,2,,,,,,1,,,,,2,1,1
KHM,,,,,,,,1,,,,1,,,2,,1,1,,2,1,2,2,,1,2,2,1,,2,1,1,1,1,1,2,1,,1,1,2,4,2
CMR,,,,,,,,,,,1,,,,,,,,,,,1,,,,1,,,,,,,1,,,,,,,,,,1
CMR,,,,,,,,,1,,,1,,,1,,,,,1,1,1,,,,1,,1,1,,1,,2,1,1,1,,1,,,1,,1
CMR,,,,,,,,,,,,,,,,,,,,,,,,1,,,,,,,,,,,,,,,,1,,,2
CMR,,,,,,,,,1,,1,1,,,1,,,,,1,1,2,,1,,2,,1,1,,1,,3,1,1,1,,1,,1,1,,4
CAN,,,,,1,,,,1,,,,,,,,,,,,,,,,,,,,,,,,,,,,,,,,,,
CAN,,,1,,,,,,,,,,1,,,,,,,,,,,,,,,,,,,,,1,1,,,,1,,,1,
CAN,,,,1,,,1,2,1,,1,,,1,,1,1,1,1,,,,1,4,2,2,5,1,2,1,,1,1,1,1,,1,2,1,1,1,1,2
CAN,,1,,,,1,1,1,,1,,1,,,2,1,1,1,1,2,1,1,,2,2,1,,2,,2,1,2,2,1,,,,,1,1,1,1,4
CAN,1,1,1,1,1,2,4,3,2,2,1,1,2,1,3,4,2,3,3,3,1,2,2,7,4,5,5,3,2,3,1,4,3,3,2,1,2,3,4,2,2,4,6
CAN,1,,,,,1,2,,,1,,,1,,1,2,,1,1,1,,1,1,1,,2,,,,,,1,,,,1,1,1,1,,,1,
SPI,,,,,,,,,,,,,,,,,,,,,,,,,1,,,,,,,,,,,,,,,,,,
SPI,,,,,,,,,,,,,,,,,,,,,,1,1,,,,,,,,,,,,,,,,,,,,
SPI,,,,,,,,,,,,,,,,,,,,1,,,,,,1,,,,,,,,,,,,,,,,,
SPI,,,,,,,,,,,,,,,,,,,,1,,1,1,,1,1,,1,,,,,,,,,,,,,,,
SPI,,,,,,,,,,,,,,,,,,,,,,,,,,,,1,,,,,,,,,,,,,,,
CYM,,,,,,,,,,,,,,,,,,,,,,1,2,,2,,,,2,,,,,,,,,,,,,,
CYM,,,,,,,,,,,,,,,,,,,,,,1,2,,2,,,,2,,,,,,,,,,,,,,
CAF,,,,1,,,,,,,,,,,,,,,,,,,,,,,,,,,,,,,,,,,,,,,1
CAF,,,,,,,,,,,,,,,,1,1,,1,2,,,,1,1,1,,1,1,1,1,1,,1,,,,1,,1,,1,1
CAF,,1,,,,,,,,,,,,,,,,,,,,1,,,,,,,,2,,1,2,1,,1,,1,,,,,
CAF,,1,,1,,,,,,,,,,,,2,1,,1,2,,1,1,1,1,1,,1,1,3,1,2,2,2,,1,,2,,1,,1,3
CAF,,,,,,,,,,,,,,,,1,,,,,,,1,,,,,,,,,,,,,,,,,,,,1
TCD,1,,,,,,,,,,,,,1,,,,1,,,,1,,,,,,,,1,,,1,,,,,1,,,,,1
TCD,,,,,,1,,,1,,,1,,,,1,,,1,1,,1,,,,,1,2,2,2,1,,2,,,,,,,1,2,1,1
TCD,,,,,,,,,,,,,,,,,,,,,,,,,,,,,,,,,,,,,,,,1,,,
TCD,,,,,,,,,1,,,,,,,,,,,,,,,,,,,1,,,,,,,,,,,,,,,
TCD,1,,,,,1,,,2,,,1,,1,,1,,1,1,1,,2,,,,,1,3,2,3,1,,3,,,,,1,,2,2,1,2
CHL,,,,,,,,,,,,1,,,,,,,,,,,,,,,,,,,,,,,,,,,,,,,
CHL,,,,,,,,,,,,,,,,1,,,,,1,,1,,1,,,1,,,1,1,,1,,,,,,,,,
CHL,,,1,,,,1,2,,1,1,,,1,,1,,1,,,2,3,3,,1,2,1,,2,,,,1,,1,2,1,3,,1,,1,
CHL,,,,,,,,1,,,,1,,,,,,,,,,,,,,,,,,,,,,,,,,1,,,,,
CHL,,,,,2,,1,,,,,,2,,,,,2,,,,1,,,,1,,,,,,,,,,1,,,,,,1,
CHL,,,1,,2,,2,3,,1,1,2,3,2,,2,,4,,1,3,4,5,1,2,3,1,1,2,,1,3,2,1,2,4,1,5,,2,,2,2
CHL,,,,,,,,,,,,,1,1,,,,1,,1,,,1,1,,,,,,,,2,1,,1,1,,1,,1,,,2
HKG,,1,,1,,,,,,,,,,,,,,,,,,,,,,,,,,,,,,,,,,,,,,,
HKG,,,,,,,,1,,,,,,,,,,,,,,,,,,,,,,,,,,,,,,,,,,,
HKG,,,1,1,,2,,1,,1,,,1,,1,,,1,,,,,,,,1,,,,,,,,,,,,,,,,,
HKG,,,1,,,,,,,,,,,1,,,,,,,,,,,,,,,,,,,,,,,,,,,,,
HKG,2,,1,2,,1,2,,1,2,,1,2,6,,,,1,,1,,,,2,,,,,3,1,1,,,,,,,2,1,,,2,
HKG,2,1,4,4,,3,2,2,1,3,,1,3,7,1,,,2,,1,,,,2,,1,,,3,1,1,,,,,,,2,1,,,2,
HKG,,,1,,,,,,,,,,,,,,,,,,,,,,,,,,,,,,,,,,,,,,,,
MAC,,,,,,,,,,,,,,4,,,,,,,,,,,,,,,,,,,,,,,,2,,,,,
MAC,,,,,,,,,,,,,,4,,,,,,,,,,,,,,,,,,,,,,,,2,,,,,
CHN,,,,1,,1,,,1,,,1,2,,2,1,,1,,1,3,2,3,2,,2,1,,1,2,1,,,1,2,1,1,1,,,,1,1
CHN,,,,,,,1,,,,,,,,1,,,3,,,,,1,,1,1,,,2,,,1,1,1,,,1,,,,,,
CHN,4,5,4,1,2,7,2,4,8,1,3,3,6,4,6,3,4,6,5,6,9,9,10,6,9,11,20,11,7,7,5,5,12,14,13,12,12,12,8,6,5,4,4
CHN,,,2,,1,1,,1,2,1,,1,,1,1,1,4,2,1,1,2,6,4,2,1,,1,1,4,5,8,2,1,3,2,1,3,4,,2,1,,1
CHN,1,1,,5,2,3,7,6,4,7,11,5,8,11,5,6,8,5,5,9,10,10,6,5,7,14,8,6,9,10,6,5,8,15,16,17,13,9,12,4,4,7,1
CHN,5,7,6,7,5,12,10,12,15,9,14,10,16,16,15,12,16,17,11,18,24,27,24,16,18,28,30,18,23,24,21,13,22,34,33,31,30,26,20,13,11,12,7
CHN,,1,,,,,,1,,,,,,,,1,,,,1,,,,1,,,,,,,1,,,,,,,,,1,1,,
COL,,,,,,,,,,,,,,,,,,,1,,,,,,,,,,,,,,,,,1,,,,,,,
COL,1,1,1,,1,,1,1,1,1,4,,,1,3,1,2,1,,3,3,2,4,3,2,3,1,4,2,1,3,2,3,1,4,1,2,4,2,5,3,10,9
COL,,1,1,,,,3,2,,,,3,,3,,1,1,,1,2,,2,1,1,,,,,1,2,2,1,,,,1,,2,,1,1,1,4
COL,,,,1,,,1,,1,,,,,,,,,,,1,,1,,,,1,,,,,,,,,1,,,1,,,2,,1
COL,1,2,2,1,1,,5,3,2,1,4,4,,4,3,2,3,1,2,6,3,6,5,4,2,4,1,4,3,3,6,3,3,1,5,4,2,7,2,6,6,11,14
COL,,,,,,,,,,,,1,,,,,,,,,,1,,,,,,,,,1,,,,,1,,,,,,,
COM,,1,,,,,,,,,,,,,,,,,,,,,,,,,,,,,,,,,,,,,,,,,
COM,,,,,,,,,,,,,,,,,,,,,,,,,,,,,,1,,,1,,,,,,,,,,
COM,,,,1,,1,,1,,1,,,,,,,,,,,,,,1,,,,,,,,,,,1,,,,,2,,,
COM,,1,,1,,1,,1,,1,,,,,,,,,,,,,,1,,,,,,1,,,1,,1,,,,,2,,,
COD,,,,1,,,,,,,,,,,,,,,,,,,,,,,,,,,,,,,,,,,,,,,1
COD,,,,,,,,,,,1,,,,1,,,1,,1,,2,1,2,,,3,1,1,1,2,2,1,,1,3,2,1,1,1,6,,4
COD,,,,,,,,,,1,,,,,,,,,,,,1,,,,,,,,,1,,,,1,,,1,,2,,,
COD,,,,,,,,,,,,,,,,,,,,,,,,2,,1,1,,1,,,,,,,,,,,,,,
COD,,,,1,,,,,,1,1,,,,1,,,1,,1,,3,1,4,,1,4,1,2,2,4,2,1,,2,4,2,2,1,3,6,,5
COD,,,,,,,,,,,,,,,,,,,,,,,,,,,,,,1,1,,,,,1,,,,,,,
COG,,,,1,,,,,,,,,,,,,,,,,,,,,,,,,,,,,,,,,,,,,,,
COG,,,,,,,,,,,,,,,1,,,,1,1,,,1,,,1,1,1,,,,,2,,,,,,,2,2,1,1
COG,,,,1,,,,,,,,,,,1,,,,1,1,,,1,,,1,1,1,,,,,2,,,,,,,2,2,1,1
COK,,1,,,,,,1,,,1,,,,,,,1,,,,1,,,,1,,,,,1,,,,,,,,,,,,
COK,,1,,,,,,1,,,1,,,,,,,1,,,,1,,,,1,,,,,1,,,,,,,,,,,,
CRI,,,,,,,,,,,,,,,1,,,,1,,,,,,,,,,,,,,,,1,,,,1,,,,
CRI,1,,,,,,,,1,,,1,,1,1,,1,,,1,,1,2,1,2,2,,2,3,,2,1,1,,,1,,,1,,,1,
CRI,,,,,,,,,,,,,,,,,,,,,1,,,,,,,,,,,,,,,,,,,,,,
CRI,,,,,,,,,1,,,,,,,1,2,,1,,,,,,,1,,,1,,,,,,,,1,1,,,1,,1
CRI,1,,,,,,,,2,,,1,1,1,2,1,3,,2,1,1,1,2,1,2,3,,2,4,,2,1,1,,1,1,1,1,2,,1,1,1
CRI,,,,,,,,,,,,,1,,,,,,,,,,,,,,,,,,,,,,,,,,,,,,
CIV,1,,,,,,,,,,,,,,,,,,,,,,,,,,,,,,,,,,,,,,,,,,
CIV,,,,,,,,,,1,,,,,,,1,,,,,,,,,,,1,1,,2,,,,2,1,1,1,1,1,1,,1
CIV,,,,,,,,,,,,,,,,,,,,,,,,,,,,,,1,,,,,,,,,,,,,
CIV,1,,,,,,,,,1,,,,,,,1,,,,,,,,,,,1,1,1,2,,,,2,1,1,1,1,1,1,,1
HRV,,,,,,,,,,,,,,,,,,,,,,,,1,,,,,,,,,,,,,,,,,,,
HRV,,,,,,,,,,,,,,,,,,,,,1,,,1,,1,,,,,1,,2,,,,,,,,,,
HRV,,,,,,,,,,,,,,,,,,,,,1,1,,,,1,1,,,,2,,1,,2,1,,,1,1,,,1
HRV,,,,,,,,,,,,,,,,,,,,,,,,,,1,,,,,,,,,,,,1,,,,,
HRV,,,,,,,,,,,,,,,,,,1,,,3,1,,3,,3,1,2,,,3,,3,,2,1,,2,1,1,,,1
HRV,,,,,,,,,,,,,,,,,,1,,,1,,,1,,,,2,,,,,,,,,,1,,,,,
CUB,,1,,,,,1,,,,,,,1,,,,,1,,1,,,,1,,,,,,,,,,,1,,,,,,,
CUB,,,,1,,1,1,,1,,2,,1,2,1,1,2,1,,,1,,1,1,,,1,1,1,,,,1,1,,1,,,,,,,1
CUB,1,,1,,,1,,,2,,,,,1,1,2,1,,1,1,,1,2,,2,2,1,2,4,,,,2,,,,1,1,2,1,2,2,2
CUB,1,1,1,1,,2,2,1,3,,2,,1,4,2,3,3,1,2,2,2,1,3,1,3,2,2,3,5,,,,3,1,,2,1,1,2,1,2,2,3
CUB,,,,,,,,1,,,,,,,,,,,,1,,,,,,,,,,,,,,,,,,,,,,,
CYP,,,,,,,,,,,,1,,,,,,,,,1,,,,,,,,,,,,,,,,,,,,,,
CYP,,,,,,,,,,,,,,,,,,,1,,1,,,,,,,1,,,,,,,,,,,,,,,
CYP,,,,1,,,,,,,,,,,,,,,,,,,,1,1,,,,,,,,,,,,,,,,,,
CYP,,,,1,,,,,,,,1,,,,,,,1,,3,,,1,1,,,1,,,,,,,,,,,,,,1,
CYP,,,,,,,,,,,,,,,,,,,,,1,,,,,,,,,,,,,,,,,,,,,1,
CZE,,,,,,,,,,,,,,,,,,,,,,,,1,,1,,,,,1,,2,,,,,,1,,,,
CZE,,,,,,,,,,,,,,,,,1,1,1,,1,,1,,,1,2,,,1,3,,,1,,,,,,,,1,
CZE,,,,,,,,,,,,,,,,,,,,,,,2,,,1,,1,1,1,,,,,,,,1,,,1,2,2
CZE,,,,,,,,,,,,,,,,,1,1,1,,1,,3,1,,3,2,1,1,2,4,,2,1,,,,1,1,,1,3,2
DNK,,,,,,,,,,,,,1,,,,,,,,,,,,,,,,,,,,,,,,,,,,,,
DNK,1,1,,1,,1,,,,,3,,,,,,,,,1,,,1,,,1,,1,,,1,,,2,,,,,,,,,1
DNK,1,1,,1,,1,,,,,3,,1,,,,,,,1,,,1,,,1,,1,,,1,,,2,,,,,,,,,1
DJI,1,,,1,,,,,1,,,,,,,,1,,,1,,,,,,1,,1,1,,1,,,,,,,,,,,,1
DJI,,1,,,,,,,,1,,,,1,1,,,,,,,,,,1,,,,,,,,,,,,,,,1,1,,
DJI,,,,,,,,,,,,,,,,1,,,,,,,,,,,,,,,,,,,,,,,1,,,,
DJI,1,1,,1,,,,,1,1,,,,1,1,1,1,,,1,,,,,1,1,,1,1,,1,,,,,,,,1,1,1,,1
DMA,1,,,,1,,,,,1,,,,,,2,,,,1,,,,,,,,1,,,,1,,,,1,,1,,,,,
DMA,1,,,,1,,,,,1,,,,,,2,,,,1,,,,,,,,1,,,,1,,,,1,,1,,,,,
DOM,,1,,,,1,,,1,,,1,,2,,,1,,,,,,1,2,1,1,,2,,2,2,1,2,1,1,2,2,,1,,,,2
DOM,1,,,,,,1,1,,1,,,,,,2,1,,1,,,1,,1,3,1,,3,3,,1,2,2,,,1,1,3,1,,2,2,1
DOM,1,1,,1,,1,1,1,1,1,,1,,2,,2,2,,1,,,1,1,3,4,3,,5,3,2,3,3,4,1,1,3,3,3,2,,2,2,3
DOM,,,,1,,,,,,,,,,,,,,,,,,,,,,1,,,,,,,,,,,,,,,,,
ECU,,,,,,,,,,,,,,,,,,1,,,,,,,,,,,,1,,,,1,,,,,,,,,
ECU,,,1,1,,,,1,,1,,,1,,,,,2,,,1,2,2,1,,,1,,1,1,2,1,1,1,,1,2,,,1,1,2,5
ECU,,,,1,,,,1,,,,,,3,,,,,,,2,,,,,,,,,,,1,,2,,,,,,1,,,
ECU,,,1,2,,1,,2,,1,,,1,3,1,,,3,,,3,2,2,1,,,1,,1,2,2,2,2,4,,1,2,,,2,1,2,5
ECU,,,,,,1,,,,,,,,,1,,,,,,,,,,,,,,,,,,1,,,,,,,,,,
EGY,,,,,,,,,,,,,,,,1,1,,,,1,,,,,,,,,,,,,,,1,,,,,,,
EGY,,,,,,,,,,,,1,,,1,1,1,1,,,,,2,,,,,,,,2,,,,,,,,,,1,1,
EGY,,,,,,,,1,,,,,,,,,,1,,,,,,,1,,,,,,1,,,,,2,1,,,,,,
EGY,,,,,,,,1,,,,1,,,1,2,2,2,,,1,,2,,1,,,,,,3,,,,,3,1,,,,1,1,
SLV,,,1,,,,,,,,,,,,1,,,,1,,,1,,,,,,,,1,,,,,1,,,,1,,,,
SLV,,,,,,,,,,,,,,,,,,,,,,,,,,,1,,,,,,,,,,,,,,,,
SLV,,,1,,,,,,1,1,,,1,,,1,,,,1,1,1,1,,,2,,1,2,,,1,,,,1,,,1,,,1,
SLV,,,,,,,,,1,,,,,1,,,,,,,,,,,,,,,,,,,,,,,,,,,1,,
SLV,,,,,,,,,,,,,,,,,1,1,1,,1,,1,,,2,,1,,1,3,,,,,1,,1,,,3,,2
SLV,,,2,,,,,,2,1,,,1,1,1,1,1,1,2,1,2,2,2,,,4,1,2,2,2,3,1,,,1,2,,1,2,,4,1,2
ERI,,,,,,,,,,,,,,1,,,,,,1,,,,,,,,,1,,,,,,,,,,,,,,
ERI,,,,,,,,,,,,,,,,,,,,,,,,1,1,,,,,,,,,,,,,,,,,,
ERI,,,,,,,,,,,,,,1,,,,,,,,,,,,,,,,,,,,,,,,,,,,,
ERI,,,,,,,,,,,,,,2,,,,,,1,,,,1,1,,,,1,,,,,,,,,,,,,,
EST,,,,,,,,,,,,,,,,,,,,,,,,,,1,,,,,,,1,,,,,,1,,,,
EST,,,,,,,,,,,,,,,,,,,,,,,,,,1,,,,,,,,,,,,,,,,,
EST,,,,,,,,,,,,,,,,,,,,,,,,,,2,,,,,,,1,,,,,,1,,,,
SWZ,,1,,,1,,,,,,1,,,,,,,,,,,1,,,,,,1,,,,,,,,,1,,,1,,,
SWZ,,,,,,,,,,,,,,,,,,,,,1,,,,,,,,1,,,,,,1,,,,,,,,
SWZ,,,,,1,,,,,,,,,,,,,,,,,,,,,1,1,,,,,,,,,,,,,,,1,1
SWZ,,1,,,2,,,,,,1,,,,,,,,,,1,1,,,,1,1,2,1,,,,,,1,,1,,,1,,1,1
SWZ,,,,,,,,,,,,,,,,,,,,,,,,,,,,1,,,,,,,,,,,,,,,
ETH,,,,1,,,,1,,1,,,,,,,,1,1,1,,,,1,,1,,,1,1,1,1,,,,1,,,,,,1,1
ETH,,1,,,,2,,,2,,1,,,2,1,1,2,2,,6,2,3,1,1,,4,7,2,3,,2,1,,1,,1,2,,,1,2,1,1
ETH,,,,,,,,,,,,,,,1,,,,,,1,,,,,,,,,,,,,,,,,,2,1,2,,
ETH,,1,,1,,2,,1,2,1,1,,,2,2,1,2,3,1,7,4,3,1,2,,5,7,2,4,1,3,2,,1,,2,2,,2,2,4,2,2
ETH,,,,,,,,,,,,,,,,,,,,,1,,,,,,,,,,,,,,,,,,,,,,
FJI,,,,1,,,,,,,,,,,,,,,1,,,,,,,,,,,,,,,,,1,,,,,,,
FJI,,,,,,,1,,,1,,,,,,,,,,,1,,,,1,,1,2,,1,,,2,,,,,,,,,,
FJI,1,1,,2,,3,1,1,,,1,,1,1,,,,1,,1,,1,,1,1,,1,2,1,1,1,,1,,,,2,,2,1,3,1,1
FJI,1,1,,3,,3,2,1,,1,1,,1,1,,,,1,1,1,1,1,,1,2,,2,4,1,2,1,,3,,,1,2,,2,1,3,1,1
FIN,,,,,,,,,,,,,,,,,,,,,,,,,,1,,,,,,,,,,,,,,,,,
FIN,,,,,,,,,,,2,,,,,,,,,,,,,,,,,,,,,,,,,,,,,,,,
FIN,,,,,,,,,,,2,,,,,,,,,,,,,,,1,,,,,,,,,,,,,,,,,
FRA,,,1,,,,,,,1,,1,,,,,,1,,,,,,,,,,,,,,,,,,,,,,,,,1
FRA,,,,,,1,,,,,1,2,,,,,,1,,,,,,1,,2,1,,1,2,1,,1,,,1,,,2,2,1,1,1
FRA,1,1,,3,,,,1,1,,,,1,1,3,,2,,,3,6,5,3,2,,2,,,,,1,1,,1,3,1,1,1,2,2,3,6,
FRA,,,2,2,,,,,,,1,,,,,,,,1,1,,,,,,,,,,,,,,,,,,,,,,,
FRA,,,2,2,3,1,,1,,1,8,,2,2,,1,1,,1,3,1,2,2,2,1,,2,3,3,1,2,1,,2,4,1,,1,3,5,3,2,4
FRA,1,1,6,8,5,3,1,2,1,2,10,3,3,3,3,1,3,3,2,8,7,7,5,6,1,5,3,3,4,4,4,2,1,3,7,3,1,3,7,9,7,9,6
FRA,,,1,1,2,1,1,,,,,,,,,,,1,,1,,,,1,,1,,,,1,,,,,,,,1,,,,,
PYF,,,,,,,,,,,,,,,,,,,,,,,,,,,,,,,,,,,,,,1,,,,,
PYF,,,,,,,,1,,,,,,,,,,,2,,,,,,,,,,,,,,,,,,,,,,,,
PYF,,,,2,,,,,,,,,,,,,,,,,,,,,,,,,,,1,,,,,,,,,,,,
PYF,,,,2,,,,1,,,,,,,,,,,2,,,,,,,,,,,,1,,,,,,,1,,,,,
GAB,,,,,,,,,1,,,,,,,,,,,,,,,,,,,,,,,,1,,,,,,,,,,
GAB,,,,,,,,,,,,,,,,,,,,,,,,,,,,,,1,2,,,,,,,,,,,,
GAB,,,,,,,,,1,,,,,,,,,,,,,,,,,,,,,1,2,,1,,,,,,,,,,
GMB,1,,,,,,,,,,,,,,,,,,,,,,1,,,,,,,,,,1,,,1,,,,,,,
GMB,,,,,,,,,,,,,,,,,1,,,1,,1,,,,,,1,1,1,2,,,1,,,,1,,,,,1
GMB,,,,,,,,,,,,,,,,,,,,,,,,1,1,,,,1,1,,,,,,,,,,1,,1,
GMB,1,,,,,,,,,,,,,,,,1,,,1,,1,1,1,1,,,1,2,2,2,,1,1,,1,,1,,1,,1,1
GEO,,,,,,,,,,,,,,,,,,,,,1,,,,,,,,,,,,,,,,,,,,,,
GEO,,,,,,,,,,,,,,,,1,,3,,,,,,,2,1,1,,,,,1,1,2,1,1,,,1,1,1,1,1
GEO,,,,,,,,,,,,,,,,,,,,,,1,,,,,,,,,,,1,1,,,,,,,,,
GEO,,,,,,,,,,,,,,,,1,,3,,,1,1,,,2,1,1,,,,,1,2,3,1,1,,,1,1,1,1,1
DEU,,,,,,,,,,,,,,,,,,1,,,,,,1,,2,1,,1,1,1,,2,,,,,,1,2,,,1
DEU,,,,,,,,,,,,,1,1,2,,,1,,1,,,1,,,2,1,1,,1,1,1,,1,,,1,1,,,,1,
DEU,,,,,,,,,,,,,,,,,,,,1,,,,,,,,,,,,,,,,,,,,,,,
DEU,,,,,,,,,,,6,1,,2,2,2,1,,1,2,,1,3,2,1,1,3,2,2,1,2,,,3,2,,,2,1,1,1,2,3
DEU,,,,,,,,,,,6,1,1,3,4,2,1,2,1,4,,1,4,3,1,5,5,3,3,3,4,1,2,4,2,,1,3,2,3,1,3,4
DDR,,,,,2,1,,,,,,,,,,,,,,,,,,,,,,,,,,,,,,,,,,,,,
DDR,,,,,2,1,,,,,,,,,,,,,,,,,,,,,,,,,,,,,,,,,,,,,
DFR,,,,1,,,,,1,,,1,,,,,,,,,,,,,,,,,,,,,,,,,,,,,,,
DFR,,,,,2,1,,,,,,,,,,,,,,,,,,,,,,,,,,,,,,,,,,,,,
DFR,,,,2,2,1,,,1,,,1,,,,,,,,,,,,,,,,,,,,,,,,,,,,,,,
DFR,,,,1,,,,,,,,,,,,,,,,,,,,,,,,,,,,,,,,,,,,,,,
GHA,1,,,,,,,,,,,,,,,,,,,,,,,,,,,,,,,,,,,,,,,,,,
GHA,,,,,,,,,,1,,1,,,,1,,,,1,,1,2,,,,,1,1,2,2,2,,1,,1,1,1,1,2,2,2,1
GHA,,,,,,,,,,,,,,,,,,,,,,,,,,,,,,,,,,,,,,1,,,,,
GHA,1,,,,,1,,,,1,,1,,,,1,,,,1,,1,2,,,,,1,1,2,2,2,,1,,1,1,2,1,2,2,2,1
GHA,,,,,,1,,,,,,,,,,,,,,,,,,,,,,,,,,,,,,,,,,,,,
GRC,,,,,,,,,,,1,,,,,,,,,,,,,,,,,,,,,,,,,,,,,,,,
GRC,,,,,,1,,1,1,,,1,,,,,,,,,1,,,,,,,1,,,,,1,,,,,1,,,,,
GRC,,,,,,,,,,,,,,,1,,,1,1,,2,2,4,3,,,2,1,,,1,,1,,1,2,1,1,,,2,,
GRC,,,,,,,,1,,,1,,,,,,,,,,,,1,,2,,1,,,,,,,,,,,,,1,,,
GRC,,,,1,2,2,,3,1,,2,1,,,1,1,,1,2,,5,2,5,3,2,,3,4,,2,1,,2,,1,2,1,2,1,1,2,1,1
GRC,,,,1,2,1,,1,,,,,,,,1,,,1,,2,,,,,,,2,,2,,,,,,,,,1,,,1,1
GRD,,,,,,,,,,,,,,,,,,,,,,,,,,,,,,,1,,,,,,,,,,,,
GRD,1,,,,,,,,,,1,,,,,,,,,1,,,1,,1,,,,,,,,,,,,,,,,,,
GRD,1,,,,,,,,,,1,,,,,,,,,1,,,1,,1,,,,,,1,,,,,,,,,,,,
GUM,,,,,,,,1,,,,,1,,,,,1,,,,,2,,2,,,,,,,,,,,,,,,,,,
GUM,,,,,,,,1,,,,,1,,,,,1,,,,,2,,2,,,,,,,,,,,,,,,,,,
GTM,,,,,,,,1,,,,,,,1,,,,,,,1,,,,,,,,1,,,1,,1,,,,1,,,,
GTM,,,,,,,,,,,,,,,,,,,,,,1,,,,,1,,,,,1,,,1,,,,,,,,
GTM,,,1,,,,,1,1,1,,,,,1,1,,,,1,2,,1,,,1,,2,2,1,1,3,,,1,2,,4,2,,2,3,1
GTM,,,,,,,,,,,,,,,,,,,1,,,,1,1,,2,,,1,,1,1,,,,1,1,1,,,,,
GTM,,,,,,,,,,,,,,,,,1,,1,,,1,1,,,1,,1,1,,3,1,,,1,,1,1,,2,3,,1
GTM,,,1,,,,,3,1,1,,,,,2,1,1,,2,1,2,3,3,2,,4,1,3,4,2,5,6,1,,4,3,2,6,3,2,5,3,2
GTM,,,,,,,,1,,,,,,,,,,,,,,,,1,,,,,,,,,,,,,,,,,,,
GIN,1,,,,,,,,,,,,,,,,,,1,,,,,,,,,,,,,,,,,,,,,,,,
GIN,,1,,,,,,,,,,,,1,,,,,,,,1,,,,,1,1,1,1,2,1,,1,,1,,1,,,1,1,1
GIN,,,,,,,,,,,,,,,,,,,,,,,,,,,,,,,,,,,,1,,,,,,,
GIN,,,,,,,,,,,,,,,,,,,,,1,,,,,,,,,,,,,,,,,,,,,,
GIN,1,1,,,,,,,,,,,,1,,,,,1,,1,1,,,1,,1,1,1,1,2,1,,1,,2,,1,,,1,1,1
GIN,,,,,,,,,,,,,,,,,,,,,,,,,1,,,,,,,,,,,,,,,,,,
GNB,1,,,,,,,,,,,,,,,,,,,,,,1,,,,1,,,,,,,,,,,,,,,,
GNB,,,,,,,,,,,,,,,,,,,,,,,,1,1,,,,1,,1,,,,,,,,,,,,
GNB,,,,,,,,1,,,,,,1,,,,,,,,,,,,,,,,,,,,,,,,,1,,,,
GNB,1,,,,,,,1,,,,,,1,,,,,1,,,,1,1,1,,1,,1,,1,,,,,,,,1,,,,
GNB,,,,,,,,,,,,,,,,,,,1,,,,,,,,,,,,,,,,,,,,,,,,
GUY,,,,,,,,,1,,,,,,,,,1,,,,,,,,,,,,,1,,,,,,,,,,,,
GUY,,,,,,,,,,1,,,,,,,1,,,,,,,,,1,1,,1,,,,,,,1,,1,,,,1,1
GUY,,,,,,,,,1,1,,,,,,,1,1,,,,,,,,1,1,,1,,1,,,,,1,,1,,,,1,1
HTI,1,,,,,,,,,,,,1,1,,,,,,,,,,1,,,,,,,,,,,1,,1,,,,,,
HTI,,,,,,,2,4,4,2,,,,1,,,2,,,1,2,1,1,3,1,3,2,4,,3,3,2,3,1,1,1,6,2,,2,,1,2
HTI,,,,,,,,,,1,,,,,,,,,,,,,,,,,,,,,,,,,,,,,,,,,
HTI,1,,,,,,,,1,,1,,,,1,,2,,1,,,1,1,1,2,5,1,3,4,,2,2,2,,,1,1,3,,,1,2,
HTI,2,,,,,,2,4,5,3,1,,1,2,1,,4,,1,1,2,2,2,5,3,8,3,7,4,3,5,4,5,1,2,2,8,5,,2,1,3,2
HND,,,,,,,,,,,,,,,1,,,1,,,1,1,1,,1,,,,,1,,,1,,1,,,,1,,,,
HND,,1,,,1,,1,,2,,1,,,2,2,1,1,,,1,,,3,2,,1,1,2,1,,2,1,,,2,,1,3,1,,1,,2
HND,,,1,,,,,,1,,,,,,,1,2,,1,,,1,,,,4,,1,1,,2,,,,,,1,1,,,3,,1
HND,,1,1,,1,,1,,3,,1,,,2,3,2,3,1,1,1,2,2,4,2,1,5,1,3,2,1,4,1,1,,3,,2,4,2,,4,1,3
HND,,,,,,,,,,,,,,,,,,,,,1,,,,,,,,,,,,,,,,,,,,,1,
HUN,,,,,,,1,,,,,,1,,,,,,,,,,,1,,,,,,,,,,,,,,,,,,,
HUN,,,,,,,,,,,,,,,,,,,,,,1,,,,1,,1,1,,,,1,,,,,,1,,,,
HUN,,,,,,,,,,,,,,,,,1,1,,2,1,1,1,,1,2,1,,,,1,,,1,1,,1,,,,,,
HUN,,,,,1,,,,,,,,,,,,,,,1,,,,1,,1,1,,,,,,,1,,,,1,,1,,,
HUN,,,,,1,,1,,,,,,1,,,,1,1,,3,1,2,1,2,1,4,2,1,1,,1,,1,2,1,,1,1,1,1,,,
ISL,,,,,,,,,1,,,,,,,,,,,,,,,,,,,,,,,,,,,,,,,,,,
ISL,,,,1,,,,,,,,,,,,2,,,,,,,,,,,,,,,,,,,,,,,,,,,
ISL,,,,1,,,,,1,,,,,,,2,,,,,,,,,,,,,,,,,,,,,,,,,,,
IND,,,1,,,,,1,,,,,,1,,,1,,,,1,,1,,,,,,,1,,,,,,1,,,1,,,,
IND,2,1,1,,1,2,,1,2,2,2,,1,,1,1,,,2,1,1,2,2,2,,2,1,3,1,2,1,2,2,1,3,1,1,1,1,2,,,1
IND,5,1,2,4,5,5,3,4,3,2,4,8,4,5,2,3,6,6,3,2,6,9,6,6,6,17,17,16,8,6,8,7,6,5,7,10,8,9,9,5,5,9,3
IND,1,,,1,,,2,,2,1,1,,1,1,,3,1,2,5,,3,3,,1,,2,,,1,2,1,,,,1,1,2,3,,,2,2,1
IND,2,4,2,5,2,2,5,4,1,2,5,1,2,2,2,2,4,1,4,3,2,3,4,7,,4,2,1,1,6,7,3,1,5,5,6,3,5,11,5,4,5,2
IND,10,6,6,10,9,9,10,10,8,7,12,9,8,9,5,9,12,9,14,7,13,17,13,16,6,25,20,20,11,17,17,12,9,11,16,19,15,18,23,12,11,16,7
IND,,,,,1,,,,,,,,,,,,,,,1,,,,,,,,,,,,,,,,,1,,1,,,,
IDN,,,1,,1,,1,1,,,,,,,,,,1,,,,,,1,,,,,,,,,,,,1,,,,,,,
IDN,1,3,3,3,3,3,4,5,2,2,2,2,1,2,6,5,5,,1,1,3,4,7,8,1,3,8,8,12,5,7,6,7,10,6,6,10,7,6,11,25,18,13
IDN,1,1,2,1,,,,,1,1,,1,1,,,,1,,,2,4,4,1,4,4,2,3,2,1,2,1,2,2,2,2,3,2,2,2,2,1,2,
IDN,1,,1,,,1,,,,,,,,,,,,,,,,,,,2,,,,,,,,2,,,,,1,,,,1,
IDN,3,4,7,4,4,4,5,6,3,3,2,4,2,2,7,5,6,2,2,4,8,8,9,13,7,6,12,10,13,7,8,8,11,12,8,11,12,10,8,14,26,21,13
IDN,,,,,,,,,,,,1,,,1,,,1,1,1,1,,1,,,1,1,,,,,,,,,1,,,,1,,,
IRN,,,,,,,,,,,,,,,,,,,,1,,,,,,,,,,,,,,,,,,,,,,1,
IRN,2,1,,,,,2,6,1,1,1,4,2,3,3,3,3,2,3,4,3,4,3,1,2,4,1,1,2,,,,1,,1,5,,2,1,3,6,1,3
IRN,,,,,,,,,,,1,,,,,,,,1,,,,,1,,,,,,,,,,,,,,,,,1,,
IRN,,1,,,,,,,,,,1,1,1,,,1,,,,1,,,,1,1,,1,1,,,,,,,,1,,,,,2,
IRN,2,2,,,,,2,6,1,1,2,5,3,4,3,3,4,2,4,5,4,4,4,2,3,5,1,2,3,,,,1,,1,5,1,2,1,3,7,4,3
IRN,,,,,,,,,,,,,,,,,,,,,,,1,,,,,,,,,,,,,,,,,,,,
IRQ,,,,,,,,,,,,,,,,,,,1,,,,,,,,,,,,,,,,,,,,,,,1,
IRQ,,,,,,,,,,,,,,,,,,,,,,,,,1,,2,,1,1,,1,1,1,,1,,,1,1,1,2,
IRQ,,,,,,,,,,,,,,,,,,,,,,,,,,,,,,,,,,,,,,,,,,,1
IRQ,,,,,,,,,,,,,,,,,,,1,,,,,,1,,2,,1,1,,1,1,1,,1,,,1,1,1,3,1
IRL,,,,,,,,1,,,,,,1,,,,,,,,,1,,,,,,,1,,1,,,,,,1,,,,,
IRL,,,,1,,,1,,,,3,1,,,,,1,,1,1,1,,,,1,1,,,,,,,,,1,1,,,1,,1,,1
IRL,,,,1,,,1,1,,,3,1,,1,,,1,,1,1,1,,1,,1,1,,,,1,,1,,,1,1,,1,1,,1,,1
IMN,,,,,,,,,,,,,,,,,,,,,,,,,,,,,,,,,,,,,,,,,1,,
IMN,,,,,,,,,,,,,,,,,,,,,,,,,,,,,,,,,,,,,,,,,1,,
ISR,,,,,,,,,,,,,,,,,,,,1,,,,,,,,,,,,,,,,,,,,,,,
ISR,,,,,,,,,,,,,1,,,,,,,,1,,,,,,,,,,,,,,,,,,,,,,
ISR,,,,,,,,,,,,,,,,,,1,1,,,,,,,,,,,,1,,,,,,,,1,,1,,
ISR,,,,,,,,,,,,1,,,,,,,,,1,,,,,,,,,,,,,1,,1,,,,,,,
ISR,,,,1,,,,,,,,1,1,,,1,,1,1,1,2,,,,,,,,,,2,,,1,,1,1,,1,,2,,
ISR,,,,1,,,,,,,,,,,,1,,,,,,,,,,,,,,,1,,,,,,1,,,,1,,
ITA,,,,,,,,,,,,,,,,,,1,,,,,1,,,,,,,,,,1,,,,,1,,,,,1
ITA,,,,,,,,,,,,,,,,,,,1,,,,,1,,1,,1,,1,1,1,1,,,,,,2,1,,,
ITA,,,,,,1,1,1,,,,,2,,1,,2,,,,4,2,3,2,,,,,3,1,1,2,1,1,4,3,1,1,1,1,3,1,
ITA,,,1,1,,,,2,,,,,,,,,1,,1,1,,,,,,,1,,,,,1,,,,,,,,,1,,1
ITA,,,,,,,,3,,,1,,,1,1,,,1,,,,1,,,1,,1,,,1,1,,,,1,1,,2,1,3,3,,1
ITA,,,1,2,,1,1,6,,,3,,2,1,3,,3,2,2,2,4,3,4,3,1,1,2,2,3,4,3,4,3,1,5,4,1,4,4,5,7,2,3
ITA,,,,1,,,,,,,2,,,,1,,,,,1,,,,,,,,1,,1,,,,,,,,,,,,1,
JAM,,1,,,,,,,,,,,,,,,,,,,1,,,,,,,,,,,,,,1,,,,,,,,
JAM,,,,,,,1,1,1,,,1,,1,,,,,,,,,1,,,,1,,,,,,,,,,,,,,,,
JAM,1,,,,,1,,,1,,,,,,1,,1,,,,,1,2,,2,3,,2,2,,1,,1,,,,1,1,,,,,
JAM,1,1,,,,1,1,1,2,,,1,,1,1,,1,,,,1,1,3,,2,3,1,2,2,,1,,1,,1,,1,1,,,,,
JPN,,,,,,,,,,,,,,,,,,,,,,,,,1,,,1,1,1,1,1,,1,1,3,2,,1,2,,,1
JPN,1,,1,,,,1,,1,1,1,,,1,,1,,,1,2,1,1,,1,2,1,2,1,1,,1,1,1,1,,1,1,1,1,3,1,2,1
JPN,,1,,2,1,,2,,,1,,,,2,,,1,1,1,,,,,,,,,,,2,,,,,1,,,,,,,1,
JPN,1,4,4,2,,2,2,1,,2,2,5,2,3,3,1,1,2,5,1,3,4,5,2,8,3,3,3,,2,,3,6,7,9,6,4,3,3,4,3,1,4
JPN,2,5,5,4,1,2,5,1,1,4,3,5,2,6,3,2,2,3,7,3,4,5,6,3,11,4,5,5,2,5,2,5,7,9,11,10,7,4,5,9,4,4,6
JPN,,,,,,,,,,,,,,,,,,,,,,,1,,,,,,,,,,,,,,,,,,,,
JOR,,,,,,,,,,,,,,,,,,,,1,1,,,,,,,,,,,,,,,,,,,,,,
JOR,,,,,,,,,,,,,1,,,,,,,,1,,,,,,,,,,,,,,,,,,,,,,
JOR,,,,,,,,1,,,,1,,,,,,1,,,,,,,,,,,,,,,,,,,,,2,,,,
JOR,,,,,,,,,,,,1,,,,,,,,,1,,1,,,,,,,,,,,,,,,,,,,,
JOR,,,,,,,,1,,,,2,1,,,,,1,,1,3,,1,,,,,,,,,,,,,,,,2,,,,
KAZ,,,,,,,,,,,,,,,,,,,,,,,,,,,,,,,,,,,,,,,,,,1,
KAZ,,,,,,,,,,,,,,,,,,1,,,,1,,,,,,,,,,,1,,,,,,,,,,
KAZ,,,,,,,,,,,,,,1,,,,,,,1,1,,,,1,,,1,,2,1,1,,1,1,,1,1,,1,,
KAZ,,,,,,,,,,,,,,,,,,,,,,,,,1,,,,,,,,,,,,,,,,,,
KAZ,,,,,,,,,,,,,,,,1,,,,,,,,,,,,,,,,,,,,,,,,,,,
KAZ,,,,,,,,,,,,,,1,,1,,2,,,1,2,,,1,1,,,1,,2,1,2,,1,1,,1,1,,1,1,
KAZ,,,,,,,,,,,,,,,,,,1,,,,,,,,,,,,,,,,,,,,,,,,,
KEN,,,,1,,,,,,,,1,,,1,,1,,,1,,,,,1,1,,,1,,1,1,,,1,,1,,,1,1,,
KEN,,,1,,,,,,,,1,,,,,,1,1,1,,,1,4,2,2,3,4,3,6,2,2,3,1,4,,3,2,1,3,1,1,1,
KEN,,,,,,,,,,,,,,,,,,,,,,,1,,,,,1,1,,1,,,,,,,,,1,,,
KEN,,,,,,,,,1,,,,,,,,,,,,,,,,,,,,,,,,,,,,,,,,,,
KEN,,,1,1,,,,,1,,1,1,,,1,,2,1,1,1,,1,5,2,3,4,4,4,8,2,4,4,1,4,1,3,3,1,3,3,2,1,
KIR,,,,,,,,,,,,,,,,,,,,1,,,,,,,,,,,,,,,,,,,,,,,
KIR,,,,,,,,,,,,,,,,,,,,,,,,,,,,,1,,,,,,1,,,,,,,,
KIR,,,,,,,,,,,,,,,,,,,,,,,,,,,,,,,,,,,,1,,,,,,,
KIR,,,,,,,,,,,,,,,,,,,,1,,,,,,,,,1,,,,,,1,1,,,,,,,
PRK,,,,,,,,,,,,,,,,,,,,,,,,,,,,,,,,,1,,,1,,1,,1,,,
PRK,,,,,,,,,,,,,,,,,,,,,,,,,,,,,,,,,,,,,,,1,,,,
PRK,,,,,,,,2,,,,,,,,2,1,1,1,1,,2,1,,2,1,2,1,,,2,2,1,1,,1,2,,1,,1,1,
PRK,,,,,,,,,,,,,,1,,,,1,,,1,,1,,,,,1,,,1,1,1,,,,,,1,1,,,
PRK,,,,,,,,2,,,,,,1,,2,1,2,1,1,1,2,2,,2,1,2,2,,,3,3,3,1,,2,2,1,3,2,1,1,
KOR,,,,,,,,,,,,,,,,,,,,,,1,,,,,,,,,,,,,,,,,,,,,
KOR,,,,,,,,,,,1,,,,,,,,,,,,,,,,,,,,,,,,,,1,,1,,,,1
KOR,,,,,1,,,1,,,1,1,1,,,,1,2,1,1,2,2,1,,2,1,1,1,1,,,2,,,1,,,,,,2,,1
KOR,,1,,,1,,,,1,,,,,1,,,1,,,,,,,,,,,,,,,1,,,,,,,,,,,
KOR,2,1,2,,,1,1,2,,1,1,1,1,1,1,2,,,3,1,2,1,3,1,4,3,,1,,,1,,3,,2,,1,,,3,3,1,1
KOR,2,2,2,,2,1,1,3,1,1,3,2,2,2,1,2,2,2,4,2,5,4,4,1,7,5,1,2,1,,1,3,3,,3,,2,,1,4,5,1,4
KOR,,,,,,,,,,,,,,,,,,,,,1,,,,1,1,,,,,,,,,,,,,,1,,,1
KWT,,,,,,,,,,,,,,,,,,1,,,,,,,,,,,,,,,,,,,,,1,,,,
KWT,,,,,,,,,,,,,,,,,,1,,,,,,,,,,,,,,,,,,,,,1,,,,
KGZ,,,,,,,,,,,,,,,,,,,,,,,,,,,,,,1,,,,,,,,,,,,,
KGZ,,,,,,,,,,,,,,,,,,,,,1,,,,,,,,,,,,1,,,,,,,,,,1
KGZ,,,,,,,,,,,,,,,,,,,1,,,,,,,1,,1,,,,,1,,,,,,,,,,
KGZ,,,,,,,,,,,,,,,2,,,,,,,,1,1,3,,,,,,1,,,,,,,1,,,,1,
KGZ,,,,,,,,,,,,,,,,,,,,,,,,,,,1,,,,,,,,1,,,,,,,,
KGZ,,,,,,,,,,,,,,,2,,,,1,,1,,1,1,3,1,1,1,,1,1,,2,,1,,,1,,,,1,1
LAO,,,,,,,,1,1,,,1,,,,,,,,1,,,,,,,,,,,,,,,,,,,,1,,,
LAO,,1,,,1,,,,,,,1,1,,1,2,1,,,,1,1,1,,,,,,1,1,,2,,2,1,2,1,,1,1,,,1
LAO,,,,,,,,,,,,1,1,1,,1,,,,,,,,,,,,,,1,,,,,,,,1,2,,2,1,
LAO,,1,,,1,,,1,1,,,3,2,1,1,3,1,,,1,1,1,1,,,,,,1,2,,2,,2,1,2,1,1,3,2,2,1,1
LVA,,,,,,,,,,,,,,,,,,,,,,1,,1,,1,,,,,,,1,,,,,,,,,,
LVA,,,,,,,,,,,,,,,,,,,,1,,,,,,2,,,,,,,,,,,,,,,,,
LVA,,,,,,,,,,,,,,,,,,,,1,,1,,1,,3,,,,,,,1,,,,,,1,,,,
LVA,,,,,,,,,,,,,,,,,,,,,,,,,,,,,,,,,,,,,,,1,,,,
LBN,,,,,,,,1,,,,,,,,,,,,,,,,1,,,,,,,,,,,,,,,,,,,
LBN,,,,,,,,,,,,,1,,,,,,,,,,1,,,,,,,,,,,,,3,,,1,1,,,
LBN,,,,,,,,1,,,,,1,,,,,,,,,,1,1,,,,1,,,,,,,,3,,,1,1,1,,
LBN,,,,,,,,,,,,,,,,,,,,,,,,,,,,1,,,,,,,,,,,,,1,,
LSO,,,,1,,,,,,,1,,,,,,,,,,,,1,,,,,1,,,,1,,,,,1,,,1,1,,
LSO,,,,,,1,,1,,,1,,,,,,,,,,,,,,,,,,,,,2,,,,,,,,,,,
LSO,,,,,,,,,,1,,,,,,,1,,,,,2,,,,,,,1,,,,,,1,,,,,,,1,
LSO,,,,1,,1,,1,,1,2,,,,,,1,,,,,2,1,,,,,1,1,,,3,,,1,,1,,,1,1,1,
LBR,1,,,,,,,,,,,,,,,,,,,,,,,,,,,,,,,,,,,,,,,,,,
LBR,,,,,,,,,,,1,,,,,,,,,,,,,,,,,,,,,,,,,,,,,,,,
LBR,,,,,,,,,,,,,,,,,,,1,,,,,,,,,1,1,1,1,,,,,,1,,,,,,
LBR,,,,,,,,,,,,,,,,1,,,,,,,,,,,,1,,,,,,,,,,,,,,,
LBR,1,,,,,,,,,,1,,,,,1,,,1,,,,,,,,,2,1,1,1,,,,,,1,,,,,,
LBY,,,,,,,,,,,,,,,,1,,,,,,,,,,,,,,,,,,1,,,,,,1,,,
LBY,,,,,,,,,,,,,,,,1,,,,,,,,,,,,,,,,,,1,,,,,,1,,,
LTU,,,,,,,,,,,,,1,,,,,,,,,,,,,,1,,,,,,,,,,,,1,,,,
LTU,,,,,,,,,,,,,,,,,,,,1,,1,,,,,,,,,1,,2,,,,,,1,,,,
LTU,,,,,,,,,,,,,,,,,,,,,,,,,,1,,,,,1,,,,,,,,,,,,
LTU,,,,,,,,,,,,,,1,,,,,,1,,,,,,1,,,,,,,,,,,,,,,,,
LTU,,,,,,,,,,,,,1,1,,,,,,2,,1,,,,2,1,,,,2,,2,,,,,,2,,,,
LUX,,,,,,,,,,,,,,,,,,,,,,,,1,,,,,,,,,,,,,,,,,,,
LUX,,,,1,,,,,,,,,,1,,,,,,,,,,,,,,,,,,,,,,,,,,,,1,
LUX,,,,,,,,,,,6,,,,,1,,,,,,,,,,,,,,,1,,,,,,,,,1,,,
LUX,,,,1,,,,,,,6,,,1,,1,,,,,,,,1,,,,,,,1,,,,,,,,,1,,1,
MDG,,1,,,,,,,1,,,,,,,,,,,,1,,1,,,1,,,1,,,,,,1,,1,1,,,1,,
MDG,,,,,,,1,,,,,,,,,,,,1,,,,,1,,2,,1,,,,,,,,1,,,,1,1,1,1
MDG,,1,1,1,1,,1,,,1,,1,,,3,,1,2,,,2,,3,3,2,1,2,3,3,3,1,1,3,2,1,2,,1,2,2,1,1,6
MDG,,2,1,1,1,,2,,1,1,,1,,,3,,1,2,1,,3,,4,4,2,4,2,4,4,3,1,1,3,2,2,3,1,2,2,3,3,2,7
MWI,,,,,,,,1,,,1,,1,,,,,,,,,,1,,,1,,1,,,,,1,,,1,,,,,,,1
MWI,,,1,,,,,,,1,,1,,,,2,,1,1,1,1,2,2,2,,1,2,4,1,,1,3,2,1,,1,1,1,3,2,1,,1
MWI,,,,,,,,,,,,,,,,,,,,,,,,,,,,,,,,,,,,,,,,1,,,
MWI,,,,,,,,,,,,,,,,,,,,,,,,,,1,,,,,,,1,,,1,,,,,,1,2
MWI,,,1,,,,,1,,1,1,1,1,,,2,,1,1,1,1,2,3,2,,3,2,5,1,,1,3,4,1,,3,1,1,3,3,1,1,4
MYS,,,,,,,,,,,,,,,,,,,1,,,,,,,,,,,,,,,,1,,,,,,,,
MYS,,,,1,,,1,1,1,,,,,1,,,1,,1,1,1,4,,3,3,2,4,2,2,2,,1,,1,1,1,4,3,2,4,5,8,5
MYS,,,,,,,,,,,,,,,,1,1,,,,,,1,,,,,,,,,1,,,,,,,,,,,1
MYS,,,,,,,,,,,,,,,,,1,1,,,1,,1,,2,,,,,,,,,,,,,1,,,,,
MYS,,,,1,,,1,1,1,,,,,1,,2,3,2,3,1,2,4,2,3,5,3,4,2,2,2,,2,,1,2,1,4,4,2,4,5,8,6
MYS,,,,,,,,,,,,,,,,1,,1,1,,,,,,,1,,,,,,,,,,,,,,,,,
MDV,,,,,,,,1,,,,,,,,,,,,,,,,,,,,1,,,,,,,,,,,,1,,,
MDV,,,,,,,,,,,,1,,,,,,,,,,,,,,,,,,,,,,,,,,,,,,1,
MDV,,,,,,,,1,,,,1,,,,,,,,,,,,,,,,1,,,,,,,,,,,,1,,1,
MLI,1,,,,,,,,,,,1,,,,,,,,,,1,,,,1,1,,,,1,1,,,,,,,,,1,,1
MLI,,,,,,,,,1,1,,,,,,,,,2,1,1,1,1,1,,2,1,2,1,1,2,1,,2,,1,1,,1,2,,,1
MLI,1,,,,,,,,1,1,,1,,,,,,,2,1,1,2,1,1,,3,2,2,1,1,3,2,,2,,1,1,,1,2,1,,2
MHL,,,,,,,,,,,,,,,,,,,,,,,,,,,,,,,,,,1,,1,,,,,,,1
MHL,,,,,,,,,,,,,,,,,,,,,,,,,,,,,1,,,,,,1,,,,,,,,
MHL,,,,,,,,,,,,1,,,,,,,,,,,,,,,,,,,,,,,,,,,1,,,,
MHL,,,,,,,,,,,,1,,,,,,,,,,,,,,,,,1,,,,,1,1,1,,,1,,,,1
MRT,1,,,,,,,,,,,,,1,,,,1,,,,1,,,,,,,,,1,1,,,,,,1,1,,1,,
MRT,,,,,1,1,,,,,,,,,,1,,,,2,,1,1,1,,1,2,2,,1,1,,,1,,,,,,1,2,,1
MRT,,,,,,,,,,,,1,,,,,,,,1,,,,,,,,,,,,,,,,,,1,,,,,
MRT,1,,,,1,1,,,,,,1,,1,,1,,1,,3,,2,1,1,,1,2,2,,1,2,1,,1,,,,2,1,1,3,,1
MUS,,,,,,,,,,,,,,,,,,,,1,,,,,,,,,,,,,,,,,,,,,,,
MUS,,,,,,,,,,,,,,,,,,,,,,,,,,,,,,,,,,1,,,,,,,,,
MUS,,,2,1,,,,,,1,,1,,,1,,1,,,1,,,1,,,,,1,,,,,,,,,,,1,,,,1
MUS,,,2,1,,,,,,1,,1,,,1,,1,,,2,,,1,,,,,1,,,,,,1,,,,,1,,,,1
MEX,,,,,,,,,1,,,,,,,1,1,,,1,,,1,,,,,,,,,1,,,,,,,,,,,
MEX,,,,,,,,,1,,1,,2,,,1,,2,1,1,1,,1,1,1,,1,,,,,1,,,,,,,,,,,
MEX,2,,2,,1,,1,2,,1,1,2,,2,,,1,,2,4,3,1,2,3,2,3,1,2,1,5,2,3,,1,,1,5,1,1,3,2,3,2
MEX,,,,1,,,,,,,,,,,,,,1,1,,,,,1,,,2,1,1,,2,,,,,,,,,,,,
MEX,,1,1,2,1,,,,3,,1,1,1,5,,5,4,3,4,1,2,5,3,2,,4,3,4,1,2,4,5,2,4,6,3,2,4,2,3,5,7,3
MEX,2,1,3,3,2,,1,2,5,2,3,3,3,7,,7,6,6,9,7,6,6,7,8,3,7,7,7,3,7,8,11,2,5,6,4,7,5,3,6,7,10,5
MEX,,,,,,,,,,1,,,,,,,,,1,,,,,1,,,,,,,,1,,,,,,,,,,,
FSM,,,,,,,,,,,,,,,,,,,1,,,,,,,,,,,,,,,,,,1,,,,,,
FSM,,,,,,,,,,,,,,,,,,,,,,,,,,,,,1,,,,,,,,,,,,,,
FSM,,,,,,,,1,,,,,,,,,,,,,,,2,1,1,,,,,,,,,,,1,,,,1,,,
FSM,,,,,,,,1,,,,,,,,,,,1,,,,2,1,1,,,,1,,,,,,,1,1,,,1,,,
MDA,,,,,,,,,,,,,,,,,,,,,1,,,,,,,1,,,,,1,,,,,,,,,,
MDA,,,,,,,,,,,,,,,,,,,,,,,,,,1,,,,,,,1,,,,,,,1,,,
MDA,,,,,,,,,,,,,,,1,,,1,,1,,,1,,,1,,,1,,1,,,,,,,,,,,,
MDA,,,,,,,,,,,,,,,1,,,,,,1,,,,,,,,,,,,,,,,,,,,,,
MDA,,,,,,,,,,,,,,,2,,,1,,1,2,,1,,,2,,1,1,,1,,2,,,,,,,1,,,
MNG,,,,,,,,,,,,,,,,,,,,,1,,,,,,,,,,,,,,,,,,,,,,
MNG,,,,,,,,,,,,,,,,,,,,,,,,,,,,,,1,,,,,,1,1,,1,1,,,1
MNG,,,1,,,,,,,,,,,,1,,1,,,,,,,1,,,,,,1,,,,,,,,,1,1,3,1,1
MNG,,,,,,,,,,,,,,,,,,,,,,,,,,,,,,,,,,,,,,1,,,,,
MNG,,,,,,,,,,,1,1,,1,,,,,,,2,1,2,,,,,,1,,,,,,,,,,1,1,1,1,
MNG,,,1,,,,1,,,,2,1,,1,1,,2,,,,3,1,2,1,,,,,1,2,,,,,,1,1,1,3,3,4,2,2
MNG,,,,,,,1,,,,1,,,,,,1,,,,,,,,,,,,,,,,,,,,,,,,,,
MNE,,,,,,,,,,,,,,,,,,,,,,,,,,,,,,,,,1,,,,,,,,,,
MNE,,,,,,,,,,,,,,,,,,,,,,,,,,,,1,,1,2,,,,,,,,,,,,
MNE,,,,,,,,,,,,,,,,,,,,,,,,,,,,1,,1,2,,1,,,,,1,,,,,
MNE,,,,,,,,,,,,,,,,,,,,,,,,,,,,,,,,,,,,,,1,,,,,
MSR,,,,,,,,,,1,1,,,,,1,,,,,,,,,,,,,,,,,,,,,,,,,,,
MSR,,,,,,,,,,1,1,,,,,1,,,,,,,,,,,,,,,,,,,,,,,,,,,
MAR,,,,1,1,,,,,,,,,,,,,,,1,,,,,,,,,,,,,,,,,,,,,,,
MAR,,,,,,,,,,,,,,,,,,,,,1,,,,,,,,,,,,1,,,,1,2,1,,,,
MAR,,,,,,,,,,,,,,,,3,1,1,,,2,1,1,1,,,3,,2,2,2,,,,1,,,,,2,,2,
MAR,,,1,,,,,,,,,,,,,,,,,,,,,,,,,,,,,,,,,,,,,1,,,
MAR,,,,,,,,,,,,,,,,,1,,,,,,,,,1,,,,,,,,,2,,,,,,,,
MAR,,,1,1,1,,,,,,,,,,,3,2,1,,1,3,1,1,1,,1,3,,2,2,2,,1,,3,,1,2,1,3,,2,
MOZ,,1,,,,,,1,,,1,,,,,,,,1,,,2,,1,,1,,1,1,,1,,,,,,1,,,,1,1,
MOZ,,1,,,,1,,,,1,,,,,,,,1,,1,1,2,1,3,,2,,4,1,1,1,2,,1,2,1,2,,1,3,2,1,1
MOZ,,,,,,,,,,,,,,,,,,,1,,,,,,,,,,,,,,,,,,,,1,,,,
MOZ,,,,,1,1,,,1,,,,,,1,,1,1,,,4,,1,1,,,,1,1,1,,1,3,,,,1,1,,2,,1,3
MOZ,,2,,,1,2,,1,1,1,1,,,,1,,1,2,2,1,5,4,2,5,,3,,6,4,2,2,3,3,1,2,1,4,1,2,5,3,3,4
MOZ,,,,,,,,,,,,,,,,,,,,,,,,,,,,,1,,,,,,,,,,,,,,
MMR,,,,,,,,,,,,1,1,,,1,,1,,1,,1,1,,,,1,4,,,,1,1,1,2,3,2,1,3,2,1,1,
MMR,,,,,,,,,,,,,,,,,,,,,,,,,,1,,,,1,1,,,1,,2,1,,1,1,1,,
MMR,,,1,,,,,,,,,,,,1,,,,,,,,,,1,,1,,1,,1,,,,,1,2,1,,,,,
MMR,,1,1,,,,,,,,,1,1,,1,1,,1,,1,,1,1,,1,1,2,4,1,1,2,1,1,2,2,6,5,2,4,3,2,1,
MMR,,1,,,,,,,,,,,,,,,,,,,,,,,,,,,,,,,,,,,,,,,,,
NAM,,1,,,,,,,,,1,,,,,1,,,1,,,1,1,,,,,,,,,,,1,,1,,,1,,,,
NAM,,,,,,,,,,,,,,,,,,,,,1,,,1,2,,2,1,1,1,1,1,1,1,,,,1,,,1,1,
NAM,,1,,,,,,,,,1,,,,,1,,,1,,1,1,1,1,2,,2,1,1,1,1,1,1,2,,1,,1,1,,1,1,
NPL,,,,,,,,,,,,,,,,,,,,,,,,,,,1,,,1,,,,,,,,,,,,,
NPL,,,,,,,,,,,,,,,,,,,,,,,1,1,,,,,,1,,2,1,,,,,,1,,,,
NPL,,2,1,1,1,1,1,1,1,,1,1,,1,,1,2,,2,1,1,,,1,1,2,1,1,2,2,2,2,1,2,3,,2,2,1,1,1,4,2
NPL,,,,1,,,,,1,1,,,,1,,2,,1,,,,1,1,,,1,2,,,1,,2,1,,2,2,,1,,,,,1
NPL,,,,,,,1,,1,,,1,,,,,1,,,,,,,,,,,,,,,,,,1,,,,,1,,,1
NPL,,2,1,2,1,1,2,1,3,1,1,2,1,2,,3,3,1,2,2,1,1,2,2,1,3,4,1,2,5,2,6,3,2,6,2,3,3,2,2,1,4,4
NPL,,,,,,,,,,,,,1,,,,,,,1,,,,,,,,,,,,,,,,,1,,,,,,
ANT,,,,,,,,,,1,,,,,,1,,,,,,,,,,,,,,,,,,,,,,,,,,,
ANT,,,,,,,,,,1,,,,,,1,,,,,,,,,,,,,,,,,,,,,,,,,,,
NLD,,,,,,,,,,,,,,,,,,,,,,,,1,,2,1,,,,,,1,,,,,,1,1,1,,
NLD,,,,,,,,,,,,,1,1,,,,,1,,,,,,,,,,,,,,,,,,,,,,,1,
NLD,,,,,1,1,1,,,,6,,,,1,1,,1,1,,,,1,,,1,,1,1,,1,,,3,,,1,,1,,,1,1
NLD,,,,,1,1,1,,,,6,,1,1,1,1,,1,2,,,,1,1,,3,1,1,1,,1,,1,3,,,1,,2,1,1,2,1
NCL,,3,,,,,,,,,,,,,,,,,,1,,,,1,,,,,,,,,,,,,,,,,,1,
NCL,,3,,,,,,,,,,,,,,,,,,1,,,,1,,,,,,,,,,,,,,,,,,1,
NZL,,,,,,,,,,,,,1,,,,,,,,,,,,,,,,,,,,,1,,,,,,,,,
NZL,,,,,,,,,,,,,,,,,,,,,,1,,,,,,,,,,,,,,,,,,,,,
NZL,2,1,,1,1,2,3,1,3,1,,1,,,1,,,1,1,1,1,,1,,2,1,1,,,,,,,,,2,1,1,1,,2,3,
NZL,,,,,,,,,1,,,,2,,,,1,1,,,1,,,1,,1,,1,,,,,1,1,,,,1,,,,1,1
NZL,2,1,,1,1,2,3,2,4,1,,1,3,,1,,1,2,1,1,2,1,1,1,2,2,1,1,,,,,1,2,,2,1,2,1,,3,4,1
NZL,,,,,,,,1,,,,,,,,,,,,,,,,,,,,,,,,,,,,,,,,,1,,
NIC,,,,,,,,,,,,,,,1,,,1,,,1,1,,,,,,,,,,,,,1,,,,1,,,,
NIC,1,,,,,,,,,,1,,,,,,,,,1,1,,1,,,,,1,2,2,2,1,1,1,1,1,,1,1,,,,
NIC,,,,,,,,,,,,,,,,,,,,,,,,,1,,,,,,,,,,,,,,,,,,
NIC,,,1,,,,,,1,,,,,1,,1,2,,1,,2,1,1,,1,2,,1,1,1,2,,,,,,1,1,,,2,,2
NIC,1,,1,,,,,,1,,1,1,,1,1,1,2,1,1,2,4,2,3,,2,2,,2,3,3,4,1,1,1,2,1,1,2,2,,2,,2
NIC,,,,,,,,,,,,1,,,,,,,,1,,,1,,,,,,,,,,,,,,,,,,,,
NER,1,,,,,,,,1,,1,,,,,,,1,,,,1,,,,1,,,,1,,1,,,,1,,1,,,1,,1
NER,,,,,,,,,1,,,,,,1,,,,1,2,1,1,,1,,,1,1,1,1,2,2,1,2,1,1,2,2,1,2,2,1,1
NER,,,,,,,,,,,,,,,,,,,,,,,1,,,,,,,,,,,,,,,,,,,,
NER,1,,,,,,,,2,,1,,,,1,,,1,1,2,1,2,1,1,,1,1,1,1,2,2,3,1,2,1,2,2,3,1,2,3,1,2
NGA,,1,,,,,,,,,,,,,,,,,,,,,,,,,,,,,,,,,,,,,,,,,1
NGA,,,,,,,,,,,,,1,,,,,,,,,,1,,,,,,,,,,,,,,,,,,,,
NGA,,,,,,1,,,1,,,,,,1,,,,2,3,6,3,1,1,5,2,3,3,,2,1,4,1,1,1,1,1,2,2,2,3,2,1
NGA,,,,,,,,,1,,,,,,,,,,,,2,,,,,,,,,,,,,,,,,,,,,,
NGA,,,,,,,,,,,,,,,,,,,,1,1,,,,,,,,,,,1,1,,,,1,,,,,,1
NGA,,1,,,,1,,,2,,,,1,,1,,,,2,4,9,3,2,1,5,2,3,3,,2,1,5,2,1,1,1,2,2,2,2,3,2,3
MKD,,,,,,,,,,,,,,1,,,,,,,,,,,,,,,,,,,,,,,,,,,,,
MKD,,,,,,,,,,,,,,,,,,,,,,1,,,1,,,1,,,,,1,,1,,,1,,,,,
MKD,,,,,,,,,,,,,,,,1,,,,,,,1,2,1,1,1,,,,,,,1,,2,1,,,,,,
MKD,,,,,,,,,,,,,,,,,,,,,,,,,,1,,,,,,,,,,,,,,,,,
MKD,,,,,,,,,,,,,,1,,1,,,,,1,1,1,2,2,2,1,2,,,,,1,1,1,2,1,1,,,,1,
MKD,,,,,,,,,,,,,,,,,,,,,1,,,,,,,1,,,,,,,,,,,,,,1,
MNP,,,,,,,,,,,,,,,,,,,,,,,1,,1,,,,,,,,,,,1,,,1,,,,
MNP,,,,,,,,,,,,,,,,,,,,,,,1,,1,,,,,,,,,,,1,,,1,,,,
NOR,,,,,,,,,,,,,,,,1,,,,,1,1,,,,,,,,,,,,,,,,,,,,,
NOR,,,,,,,,,,,,,,,,,,,,,,,,,,,,,,,,,,,,,,,,1,1,,
NOR,,,,,,,,,,,2,,1,1,,,,,,,,,,,,1,,,1,,,1,,,,,,,,,,,1
NOR,,,,,,,,,,,2,,1,1,,1,,,,,1,1,,,,1,,,1,,,1,,,,,,,,1,1,,1
OMN,,,,,,,,,,,,,,,,,,,,,,,,,,,,,,,,,,,,,1,1,,1,1,,
OMN,,1,,,,,,,,,,,,,,,,,,,,,1,1,,,,1,,,1,1,,,,1,,,2,,,2,
OMN,,1,,,,,,,,,,,,,,,,,,,,,1,1,,,,1,,,1,1,,,,1,1,1,2,1,1,2,
PAK,,,,,,,,,,,,,,,,,,,,1,,,,,,,,,,,,,,,,,,,,1,,,
PAK,,,,,,,,,,,1,1,,,,,1,1,,1,1,1,2,1,,1,1,,,,,,,,1,1,,,1,,,,1
PAK,1,1,1,1,1,,,,1,1,,1,2,1,1,3,1,2,1,2,,1,3,3,2,5,7,6,3,3,4,1,3,2,1,6,7,2,1,8,4,4,1
PAK,,,,2,,,,,,,,1,1,2,,,1,,1,,,2,,1,,1,1,3,,,2,,2,,,,,1,,,1,,
PAK,1,1,,,,,1,,1,,,,,1,2,,,2,1,2,,1,1,1,,1,,1,,,1,,,,1,,1,2,,1,1,2,1
PAK,2,2,1,3,1,,1,,2,1,1,3,3,4,3,3,3,5,3,6,1,5,6,6,2,8,9,10,3,3,7,1,5,2,3,7,8,5,2,10,6,6,4
PAK,,,,,,,,,,,,,,,,,,,,,,,,,,,,,,,,,,,,,,,,,,,1
PLW,,,,,,,,,,,,,,,,,,,,,,,,,,,,,,,,,,,,1,,,,,,,
PLW,,,,,,,,,,,,,,,,,,,,,,,,,,,,,,,,,1,1,,,,,,,,1,
PLW,,,,,,,,,,,,,,,,,,,,,,,,,,,,,,,,,1,1,,1,,,,,,1,
PAN,,,,1,,,,,,,,,,,,,,,,,,,,,,,,,,,,,,1,,1,,,1,,,,
PAN,,,,,1,,1,,,,,1,,,,1,,,,2,1,1,2,1,3,1,2,1,2,1,4,2,2,,1,1,,,,,1,2,1
PAN,,,,,,,,,1,,,,1,,,,,,1,,,,,,,,,,,,,,,,,,1,1,,,2,,
PAN,,,,1,1,,1,,1,,,1,1,,,1,,,1,2,1,1,2,1,3,1,3,1,2,1,4,2,2,1,1,2,1,1,1,,3,2,1
PAN,,,,,,,,,,,,,,,,,,,,,,,,,,,1,,,,,,,,,,,,,,,,
PNG,1,,,,,,,,,,,,,,,,,1,,,,,,,,,,,,,,,,,,1,,,,,,,
PNG,,,,2,,,,,,,,,1,1,,,,,,1,,,,,1,1,2,,2,,,,1,1,1,1,1,,,1,3,,
PNG,,,,,,,,,,,,1,,,,,1,,,,,,1,2,,,2,,,1,,,1,,,,,,,1,2,,
PNG,,,,,,,,,,,,,,1,,,,1,,,,,,,,,,1,,,,1,,,1,1,,,,,,,
PNG,1,,,2,,,,,,,,1,1,2,,,1,3,,1,,,1,2,1,1,4,1,2,1,,1,2,1,2,3,1,,,2,5,,
PNG,,,,,,,,,,,,,,,,,,1,,,,,,,,,,,,,,,,,,,,,,,,,
PRY,,,,1,,,,,,,,,,,,,,,,1,,,,,,1,,,1,1,,,1,1,,,1,,,,,,
PRY,,,,,,,,,,,,,,,,,,,,,1,,,,1,,,,,,1,,,,,,,,,,,,
PRY,,,1,1,,,,,1,,1,,1,,,2,,1,1,,,,1,,,,,,,1,,,1,1,2,2,,,2,3,,2,
PRY,,,,,,,,,,,,,,,,,,1,,,,,1,,,,,,1,1,,1,1,1,,1,,,,,,,
PRY,,,1,2,,,,,1,,1,,1,,,2,,2,1,1,1,,2,,1,1,,1,2,3,1,1,3,3,2,3,1,,2,4,,2,
PRY,,,,,,,,,,,,,,,,,,,,,,,,,,,,1,,,,,,,,,,,,1,,,
PER,,,,1,,,,,,,1,,1,,,,,,,,,,1,,1,,1,,,,,,,,,,,,,,,,
PER,,,,1,,,,,,,,1,,,,,,,,,,,,1,1,,,1,,1,1,1,1,1,1,1,,,,,,,
PER,1,1,2,,,,1,2,1,1,3,,1,1,2,,,,,2,1,3,3,2,1,,1,1,1,1,1,3,1,2,3,2,1,3,,3,3,8,1
PER,,1,1,2,1,2,1,2,1,,1,,,,,1,,1,2,1,1,1,,,1,,,,,4,1,,1,,,,,,,1,1,,1
PER,,,,,,,,,,,,,,,,,,1,,,,,1,,,,,,,,,1,,,,,,,,,,,
PER,1,2,3,4,1,2,2,4,2,1,5,1,2,1,2,1,,3,2,3,2,4,5,3,4,,2,2,1,6,3,5,3,3,4,3,1,3,,5,4,8,2
PER,,,,,,,,,,,,,,,,,,1,,,,,,,,,,,,,,,,,,,,,,1,,,
PHL,1,,,1,,,,1,,,1,,,,,,,,1,,,,1,,,,,1,,,,,,,,1,,,,1,,,
PHL,1,3,4,1,,2,1,,,2,3,3,3,3,4,6,1,1,,4,3,3,4,1,3,2,6,5,8,8,9,15,8,5,3,5,2,3,1,1,,5,2
PHL,,1,,,,,,,2,3,,,,1,2,,2,,,4,1,,,1,1,,3,,1,1,1,3,1,,,,,,,,1,,1
PHL,6,8,9,4,4,3,6,5,6,7,5,6,4,6,11,7,2,3,4,8,6,6,6,8,8,2,10,8,11,14,3,12,9,8,9,10,8,8,7,7,6,8,6
PHL,8,12,13,6,4,5,7,6,8,12,9,9,7,10,17,13,5,4,6,16,10,9,11,10,12,4,19,14,20,23,13,30,18,13,12,16,10,11,8,9,7,13,9
PHL,,,,,,,,,,,,,,,,,,,1,,,,,,,,,,,,,,,,,,,,,,,,
POL,,,,,,,,,,,,,,,,,,,,,,,,,,,,,,,,,,,,,,,1,,,,
POL,,,,,,,,,,,,,,,,,,1,1,1,1,1,1,,,1,,,1,1,1,1,3,1,1,1,1,,1,,,,
POL,1,,1,,,,,1,,,,,,,,,,1,1,,,1,,,1,1,1,,,1,2,,,,,,1,,,,1,1,
POL,,,,1,,,,,,,1,,,,1,,,,,1,,,2,,,2,,2,1,1,,,1,1,,1,,1,,1,1,2,3
POL,1,,1,2,,,,1,,,1,,1,,1,,,2,2,2,1,2,3,,1,4,1,2,2,3,3,1,4,2,1,2,2,1,2,1,2,3,3
POL,,,,1,,,,,,,,,1,,,,,,,,,,,,,,,,,,,,,,,,,,,,,,
PRT,,,,1,,,,,,,,,,,,,,1,,,,,,,1,,,,,,,,,,,,,,,,,,1
PRT,,,,,,,,,,,,,,,,,,,,,,,,1,,1,1,,1,,1,,,,,,,,1,,,,1
PRT,,1,,1,,,,,,,,,,,,,2,,,,,1,1,1,,,1,,1,,1,,,,,1,,,,,,,
PRT,,,,,,,,,,1,,,,,,,,1,,,1,,,,,,,,,,1,,,2,2,,,,1,1,,,
PRT,,1,,3,,1,1,,,1,,1,,,,,2,2,,,1,2,1,3,2,2,2,,2,,3,,,3,2,1,1,2,3,1,,,3
PRT,,,,1,,1,1,,,,,1,,,,,,,,,,1,,1,1,1,,,,,,,,1,,,1,2,1,,,,1
QAT,,,,,,,,,,,,,,,,,,,,,,,,,,,,,,,,,,,,,,,1,,,,
QAT,,,,,,,,,,,,,,,,,,,,,,,,,,,,,,,,,,,,,,,1,,,,
ROU,,,,1,,,,,,,,,,,,,,,,,1,,,,,,,,,,,,,,,,,,,,,,
ROU,,,,,,,,,,,,,,,1,,1,,2,,1,1,1,,1,2,1,2,1,1,1,,1,,1,,,,1,,,,
ROU,,,,,1,,,,,,,1,,,1,1,,1,1,2,2,2,3,2,2,6,6,4,1,2,1,,,1,2,1,2,,2,1,1,1,
ROU,,,,,,,,,,,,,,,,,,,,1,,,,,,,,,,,,,,,,,,,,,,,
ROU,,,,,,,,,,,,,,1,1,,,1,,,1,,,,3,1,,,1,,,,,,,,,1,,,,,
ROU,,,,1,1,,,,,,,1,,1,3,1,1,2,3,3,5,3,4,2,6,9,7,6,3,3,2,,1,1,3,1,2,1,3,1,1,1,
RUS,,,,,,,,,,,,,,1,,,,,1,,,,,1,,,,,,,1,,1,,,,,,,,,,
RUS,,,,,,,,,,,,,,1,1,2,,1,1,2,3,3,1,,,1,,,,,3,,2,,,,,,,,,,
RUS,,,,,,,,,,,,,1,2,5,,2,1,4,1,8,3,4,1,3,5,3,1,,,2,2,4,2,1,1,3,1,2,4,,3,1
RUS,,,,,,,,,,,,,1,2,,1,1,,,,2,,1,,,1,,,,,,,,,,,,,,,,1,
RUS,,,,,,,,,,,,,,,2,3,,,1,1,1,2,2,1,3,2,,1,,,,1,,,,,,1,,,,,1
RUS,,,,,,,,,,,,,3,6,8,6,4,3,8,5,19,10,11,4,7,9,3,2,,,8,3,8,2,1,2,3,2,2,5,,5,3
RUS,,,,,,,,,,,,,1,,,,1,1,1,1,5,2,3,1,1,,,,,,2,,1,,,1,,,,1,,1,1
RWA,,,,,1,,,,,1,,,,,,,1,,,1,,,,1,,,,,,,,,,,,,,,,,,,
RWA,,,,,,,,,1,,,,,,,,,,,,,2,1,1,,,,2,1,,,1,1,,,1,1,,3,2,5,1,3
RWA,,,,,,,,,,,,,,,,,,,,,,,,,,,1,,,,2,,,,,,1,,1,,,,
RWA,,,,,,,,,,,,,,,,,,,,,,,,,,,,,,,,,,,,,,2,,,,,
RWA,,,,,1,,,,1,1,,,,,,,1,,,1,,2,1,2,,,1,2,1,,2,1,1,,,1,2,2,4,2,5,1,3
BLM,,,,,,,,,,,,,,,,,,,,,,,,,,,,,,,,,,,,,,1,,,,,
BLM,,,,,,,,,,,,,,,,,,,,,,,,,,,,,,,,,,,,,,1,,,,,
SHN,,,,,,,,,,,,,,,,,,,,,,1,,,,,,,,,,,,,,,,,,,,,
SHN,,,,,,,,,,,,,,,,,,,,,,1,,,,,,,,,,,,,,,,,,,,,
MAF,,,,,,,,,,,,,,,,,,,,,,,,,,,,,,,,,,,,,,1,,,,,
MAF,,,,,,,,,,,,,,,,,,,,,,,,,,,,,,,,,,,,,,1,,,,,
WSM,,,,,,,,,,,,,,,,,,,,,,,,,,,,,,,,,,,,1,,,,,,,
WSM,,,,,,,,,,,,,,,,,,,,,,1,,,,,,,,,,,,,,,,,,,,,
WSM,,,,1,,,,,,1,1,1,,,,,,,,,,,,,1,1,,,,,,,1,,,,,,1,,,,
WSM,,,,2,,,,,,1,1,1,,,,,,,,,,1,,,1,1,,,,,,,1,,,1,,,1,,,,
WSM,,,,1,,,,,,,,,,,,,,,,,,,,,,,,,,,,,,,,,,,,,,,
STP,,,,1,,,,,,,,,,,,,,,,,,,,,,,,,,,,,,,,,,,,,,,
STP,,,,,,,,,,,,,,,,,,,,,,,,,,,,,,,,,,,,,,,,,,1,
STP,,,,1,,,,,,,,,,,,,,,,,,,,,,,,,,,,,,,,,,,,,,1,
SAU,,,,,,1,,,,,,,,,,,,,,,,,1,2,1,2,,,,1,2,1,1,2,,2,2,1,,3,1,,
SAU,,,1,,,,,,,,,,,,,,,,,,,,,,,,,,,,,,,,,,1,,,,,,
SAU,,,1,,,1,,,,,,,,,,,,,,,,,1,2,1,2,,,,1,2,1,1,2,,2,3,1,,3,1,,
SEN,1,,,,,,,,,,,,,,,,,,,,,,1,,,,,,,,,1,,,1,,,,1,,,,
SEN,,,,1,,1,,,1,,,,,1,1,,,,1,,1,,1,1,,1,,1,1,1,2,1,1,1,,,1,,,1,1,,1
SEN,,,,,,,,,,,,,,,,,,,,2,,,,,1,,,,,,,,,,,,,,,,,,
SEN,1,,,1,,1,,,1,,,,,1,1,,,,1,2,1,,2,1,1,1,,1,1,1,2,2,1,1,1,,1,,1,1,1,,1
SCG,,,,,,,,,,,,,,,,,,,,,1,,,,,1,,,,,,,,,,,,,,,,,
SCG,,,,,,,,,,,,,1,,,,,,,2,2,,1,,,1,2,,,,,,,,,,,,,,,,
SCG,,,,,,,,,,,,,,,,,,,,,,,,,,1,,,,,,,,,,,,,,,,,
SCG,,,,,,,,,,,,,1,,,,,,,2,4,,1,,,3,2,,,,,,,,,,,,,,,,
SCG,,,,,,,,,,,,,,,,,,,,,1,,,,,,,,,,,,,,,,,,,,,,
SRB,,,,,,,,,,,,,,,,,,,,,,,,,,,,1,,1,2,,3,,1,,,1,,,,,
SRB,,,,,,,,,,,,,,,,,,,,,,,,,,,,1,,1,3,,,2,4,,2,,1,1,1,1,
SRB,,,,,,,,,,,,,,,,,,,,,,,,,,,,2,,2,5,,3,2,5,,2,1,1,1,1,1,
SYC,,,,,,,,,,,,,,,,,,1,,,,,,,,,,,,,,,,,1,,,,,,,,
SYC,,,,,,,,,,,,,,,,,,,,,,,1,,,,,,,,,,,1,,,,,,,,,
SYC,,,,,,,,,,,,,,,,,,1,,,,,1,,,,,,,,,,,1,1,,,,,,,,
SLE,,,,,,,,,,,,,,,,,1,,,,,,,,1,1,,1,,1,1,1,,,,1,,,,2,,,1
SLE,,,,,,,,,,,,,,,,,,,,,,,,,,,,,,,1,,,,,,,1,,,,,
SLE,,,,,1,,,,,,,,,,,,,,,1,,,,,,,,,,,,,,,,,,,,,,,
SLE,,,,,1,,,,,,,,,,,,1,,,1,,,,,1,1,,1,,1,2,1,,1,,1,,1,,2,,,1
SLE,,,,,,,,,,,,,,,,,,,,,,,,,,,,,,,,,,1,,,,,,,,,
SXM,,,,,,,,,,,,,,,,,,,,,,,,,,,,,,,,,,,,,,1,,,,,
SXM,,,,,,,,,,,,,,,,,,,,,,,,,,,,,,,,,,,,,,1,,,,,
SVK,,,,,,,,,,,,,,,,,,,,,,,,1,,1,,1,,,1,,1,,,,,,,,,,
SVK,,,,,,,,,,,,,,,,,,1,1,1,,1,1,,1,1,2,,,,2,,,1,,,,,,,1,1,
SVK,,,,,,,,,,,,,,,,,,,,,,,,,1,,,,,,,,,,,,,1,,1,,,
SVK,,,,,,,,,,,,,,,,,,1,1,1,1,1,1,1,2,2,2,1,,,3,,1,1,,,,1,,1,1,1,
SVK,,,,,,,,,,,,,,,,,,,,,1,,,,,,,,,,,,,,,,,,,,,,
SVN,,,,,,,,,,,,,,,,,,,,,,,,1,,,,,,,,,,,1,,,,,,,,
SVN,,,,,,,,,,,,,,,,,,,,,,,,,,1,,,,,,,1,,1,,,,,,,1,
SVN,,,,,,,,,,,,,,,,,,,,,,,,,,,,2,,,,,,,,,,,,,1,,
SVN,,,,,,,,,,,,,,,,,,,,,,,,1,,1,,2,,,,,1,,2,,,,,,1,1,
SLB,,,,,,,,,,,,,,,,,,1,1,,,,,,,,,,,,,,,,,1,,,,,,,
SLB,,,,,,,,,,,,,,,,,,,,,,,,,,,,,,1,1,,1,1,1,,,,,,,,
SLB,,,1,,,1,1,,,,,,1,1,,,,,,,,,1,2,,,,,,,1,1,,,,2,,,1,,1,,
SLB,,,1,,,1,1,,,,,,1,1,,,,1,1,,,,1,2,,,,,,1,2,1,1,1,1,3,,,1,,1,,
SOM,1,,,1,,,,1,1,,,,,,,,,,,1,,,,,1,1,,,1,,1,1,,,1,1,,,,1,1,,
SOM,,1,,,,,,1,,2,,,,,1,1,1,2,,,3,1,1,2,1,2,5,2,1,1,2,1,2,2,1,2,1,,1,1,2,1,1
SOM,,,,,,,,,,,,,,,1,,,,,,,,,,,,,,,,,,,1,,2,,,1,1,1,,
SOM,1,1,,1,,,,2,1,2,,,,,2,1,1,2,,1,3,1,1,2,2,3,5,2,2,1,3,2,2,3,2,5,1,,2,3,4,1,1
ZAF,1,1,,,,,1,,1,,1,,,,,1,,,,,,,,,1,,,,,,,,,,,1,,1,,1,,1,
ZAF,,,,,,,,,,,,,,,,,1,,,,,,,,,,,1,,,,,,,,,1,,,,,,
ZAF,,1,,,,,,1,1,,,,,1,1,1,2,1,,2,3,2,1,1,1,,2,1,1,2,,1,1,,1,,2,1,,4,1,1,8
ZAF,,,,,,,,,,,,,,,,,1,,,,,,,,,,,,,,,,,,,,,,,,,,
ZAF,,,,1,2,,,,,,1,,,1,1,,,,1,2,1,2,4,1,,,,,1,2,1,2,1,1,,,,2,,1,1,2,
ZAF,1,2,,1,2,,1,1,2,,2,1,,2,2,2,4,1,2,5,5,6,6,2,2,,2,3,3,4,1,3,2,1,1,1,3,5,,6,2,4,8
ZAF,,,,,,,,,,,,1,,,,,,,1,1,1,2,1,,,,,1,1,,,,,,,,,1,,,,,
SSD,,,,,,,,,,,,,,,,,,,,,,,,,,,,,,1,,,,,,,1,,,,,1,
SSD,,,,,,,,,,,,,,,,,,,,,,,,,,,,,3,,2,,2,2,,,1,,,2,1,1,1
SSD,,,,,,,,,,,,,,,,,,,,,,,,,,,,,3,1,2,,2,2,,,2,,,3,1,2,1
SSD,,,,,,,,,,,,,,,,,,,,,,,,,,,,,,,,,,,,,,,,1,,,
SUN,,1,2,2,2,2,,1,1,1,4,2,,,,,,,,,,,,,,,,,,,,,,,,,,,,,,,
SUN,,,,,,,,2,,2,1,,,,,,,,,,,,,,,,,,,,,,,,,,,,,,,,
SUN,,1,,1,1,,,,,,,1,,,,,,,,,,,,,,,,,,,,,,,,,,,,,,,
SUN,,2,2,3,3,2,,4,1,3,5,3,,,,,,,,,,,,,,,,,,,,,,,,,,,,,,,
SUN,,,,,,,,1,,,,,,,,,,,,,,,,,,,,,,,,,,,,,,,,,,,
ESP,1,1,,,,,,,,,1,,,,,,,,,1,,,,,,,,,,,,,,,,,,,,,,,
ESP,,,,,,1,,,,,,,,,,2,,,,,,,,1,1,1,1,,,,,,,,,,,,1,1,,,1
ESP,,,2,2,,,,1,,1,,,,,1,,1,1,,,2,,1,,1,,1,3,,,1,1,1,1,,2,1,,1,4,,2,
ESP,,,,,,,,,,,,,,,,,1,,,,,,,,,,,,,,,,,,,,,,,,,,
ESP,,,,,2,,,1,,2,2,,,,1,,,1,1,1,2,1,,,,,,1,,1,1,,,1,1,,,,1,3,1,1,
ESP,1,1,2,2,3,3,,2,,3,3,1,,,4,2,2,2,2,2,5,1,1,2,3,2,3,4,,2,2,1,2,2,1,2,1,2,4,8,1,3,2
ESP,,,,,1,2,,,,,,1,,,2,,,,1,,1,,,1,1,1,1,,,1,,,1,,,,,2,1,,,,1
LKA,1,1,1,,,,,1,1,,,,,,,,,,,,,1,,,,,,,,,,,1,,1,,1,,,1,,,
LKA,,1,2,1,4,,1,,,1,2,1,2,2,3,1,1,1,2,1,2,1,1,1,1,1,1,3,3,3,2,3,1,2,3,2,1,2,3,5,2,4,3
LKA,,,,,,,,,,,,,,1,,,,,,,,,,,,,,,,,,,,,3,,,,,,,,
LKA,,,,,,1,,,,,,,,,,,,,,,1,,,,,,,,1,,,1,1,1,,,,1,,,1,1,2
LKA,1,2,3,1,4,1,1,1,1,1,2,1,2,3,3,1,1,1,2,1,3,2,1,1,1,1,1,3,4,3,2,4,3,3,7,2,2,3,3,6,3,5,5
KNA,,,,,,,,1,,,,,,,,,,,,,,,,,,,,,,,,,,,,,,,,,,,
KNA,,,,,1,,,,,1,1,,,,,1,,,1,1,,,,,,,,,1,,,,,,,,,1,,,,,
KNA,,,,,1,,,1,,1,1,,,,,1,,,1,1,,,,,,,,,1,,,,,,,,,1,,,,,
LCA,,,,,,,,,,,,,,,,,,,,,,,,,,,,,,,1,,,,,,,,,,,,
LCA,,,,,,,,,,,,,,,,,,,,,,,,,,,,,,,1,,,1,,,,,,,,,1
LCA,,,,,,,,,,,,,,,,,1,,,,,,,,,,,,,,,,,,,,,,,,,,
LCA,1,,,1,,,1,1,1,,,,,,1,,,,,1,,,,,1,,,1,,,1,,,,,,1,,,,,1,
LCA,1,,,1,,,1,1,1,,,,,,1,,1,,,1,,,,,1,,,1,,,3,,,1,,,1,,,,,1,1
VCT,,,,,,,,,,,,,,,,,,,,,,,,,,,,,,,1,,,,,,,,,,,,
VCT,,,,,,,1,1,,,,,1,,,,,,,,,,,,,,,,,,,1,,1,,,1,,,,,,
VCT,1,,,,,,,1,,,,,,,,,,,,1,,,1,,1,1,,,,,1,,,,,,1,,,,,1,
VCT,1,,,,,,1,2,,,,,1,,,,,,,1,,,1,,1,1,,,,,2,1,,1,,,2,,,,,1,
SDN,1,,,1,,,,1,,,1,1,,,,,1,,,1,,,,,,,,,,,,1,,,,1,,,,,,,1
SDN,,,,,,,,,,,,,,,,,,,,,,,,,,,,,,,,,,,,1,,,,,,,
SDN,,,,2,,,,,1,,,,,1,1,,3,1,1,4,,1,1,1,,2,3,1,,1,2,,1,1,1,1,1,1,3,2,1,1,1
SDN,,,,,,,,,,,,,,,,,,,,,,,1,,,,,,,,,1,,,,,,,,,,1,
SDN,1,,,3,,,,1,1,,1,1,,1,1,,4,1,2,5,,1,2,1,,2,3,1,,1,2,2,1,1,1,3,1,1,3,2,1,2,2
SDN,,,,,,,,,,,,,,,,,,,1,,,,,,,,,,,,,,,,,,,,,,,,
SUR,,,,,,,,,,,,,,,,,,,,,,,,,,,1,,1,,,,,,,,,,,,,1,1
SUR,,,,,,,,,,,,,,,,,,,,,,,,,,,1,,1,,,,,,,,,,,,,1,1
SWE,,,,,,,,,,,,,,,,,,,,,,,,,,1,,,,,,,,,,,,,,,,,
SWE,,,,,,1,,,,,,,,,,,,,,,,,,,,,,,,,,,,,,,,,,,,1,
SWE,,,,,,,,,,,2,,,,,,,,,1,,,1,,,1,,,,,,,,1,,,,,,,1,,
SWE,,,,,,1,,,,,2,,,,,,,,,1,,,1,,,2,,,,,,,,1,,,,,1,,1,1,
SWE,,,,,,,,,,,,,,,,,,,,,,,,,,,,,,,,,,,,,,,1,,,,
CHE,,,,,,,,,,,,,,,,,,,,,,1,,1,,1,,,,,1,,2,,,,,,,,,,
CHE,,,,1,,,,1,,,,,,,,,,1,,1,,,,,,1,1,1,,,,,,,,,,,,,,1,
CHE,,,,,,,,,1,,,,,,,,,,,1,1,,2,,,,,,,,,,,,,,,,,,,1,
CHE,,,1,2,1,1,2,1,,,4,,,3,1,,,,1,1,,,1,1,,,1,2,,1,1,1,,2,1,,,,1,1,1,1,
CHE,,,1,3,1,1,2,2,1,,4,,,3,1,,,1,1,3,1,1,3,2,,2,2,3,,1,2,1,2,2,1,,,,1,1,1,3,
SYR,,,,,,,,,,,,,,,,,,,,1,,,,,,,,,1,,,,,,,,,,,,,1,
SYR,,,,,,,,,,,,,,,,,,,,,,,,,,,1,,,,,,,,,,,,,1,,1,
SYR,,,,,,,,,,,,,,,,,,,,,,,1,,,,,,,,,,,,,,,,,,,,
SYR,,,,,,,,,,,,,,,,,,,,,,1,,,1,,,,,,,,,,,2,,,,,,,1
SYR,,,,,,,,,,,,,,,,,,,,1,,1,1,,1,,1,,1,,,,,,,2,,,,1,1,2,1
SYR,,,,,,,,,,,,,,,,,,,,,,,,,,,,,,,,,,,,,,,,,1,,
TWN,,,,,,,,,,,,,,,,,,,,,,,,,,,,,,,,,,,,,1,,,,,,
TWN,,,,,1,,,,,,,,,,,,,1,1,,,,,,,1,1,,,,,,1,,,,,1,,,,,
TWN,,,,,,,1,,,,,,,,,,,,,,,,,,,,,,,,,,,,,,,,,,,,
TWN,,1,,1,,,2,1,,1,2,1,1,,5,,2,1,2,,2,5,2,1,5,4,2,2,5,1,2,,2,3,2,3,3,1,1,1,1,2,1
TWN,,1,,1,1,,3,1,,1,2,1,1,,5,,2,2,3,,2,5,2,1,5,5,3,2,5,1,2,,3,3,2,3,4,2,1,1,1,2,1
TJK,,,,,,,,,,,,,,,,,,,,,1,,,,,,,,1,,,,,,,,,,,,,,
TJK,,,,,,,,,,,,,,,,,,,,,,,,,,,,,1,,,,1,1,,,,,,,,,
TJK,,,,,,,,,,,,,1,,1,,1,,2,1,,1,4,1,1,2,,2,,1,2,1,1,,2,2,1,1,1,1,1,1,
TJK,,,,,,,,,,,,,1,1,,,,1,1,,,1,,2,,1,2,1,,,,,,,,1,,1,,,,1,
TJK,,,,,,,,,,,,,,,,,,,,1,,1,,,,,,,,,,,,,,,,,,,,,
TJK,,,,,,,,,,,,,2,1,1,,1,1,3,2,1,3,4,3,1,3,2,3,2,1,2,1,2,1,2,3,1,2,1,1,1,2,
TZA,,,,,1,,,,1,,1,,,,,,1,,,,,,,1,1,,1,,,,,1,,,,,,,,,,1,
TZA,,,1,,,,1,,1,1,2,,,2,1,2,,2,2,,1,1,1,1,,1,2,,2,2,,3,1,,2,1,3,1,1,4,4,1,1
TZA,,,,,,,,,,,,,,,,,,,,,,1,,,,,,,,,,,,,,,,,,,,,
TZA,,,,,,,,,,,,,,,1,,,,,,,,,,,,,,2,1,,,,,,1,,,,1,,1,
TZA,,,1,,1,,1,,2,1,3,,,2,2,2,1,3,2,,1,2,1,2,1,1,3,,4,3,,4,1,,2,2,3,1,1,5,4,3,1
TZA,,,,,,,,,,,,,,,,,,1,,,,,,,,,,,,,,,,,,,,,,,,,
THA,,,,,,,,,,,,1,,1,,,,,,1,,,1,,,1,,,1,,1,1,1,,1,1,,,,1,,,
THA,,,,,,,,,,,,,,,,,,,,,,,,,,,,,,,,,,,1,,1,,,,,,
THA,1,,,1,2,1,1,1,1,,,2,,3,3,1,1,1,,6,4,5,2,3,3,2,3,5,3,1,1,2,1,3,4,,3,4,,1,3,5,9
THA,,,,,,,,,,,,,,,1,,,,,,,,1,,1,,,,,,,,,,,,,,,,,,
THA,,2,,,,,,,,1,1,1,4,2,3,1,1,2,,,1,1,2,1,2,2,,,2,,,1,,,1,1,,2,,1,4,1,2
THA,1,2,,1,2,1,1,1,1,1,1,4,4,6,7,2,2,3,,7,5,6,6,4,6,6,3,5,6,1,2,4,2,3,7,2,4,6,,3,7,6,11
THA,,,,,,,,,,,,,,,,,,,,,,,,,,1,,,,,,,,,,,,,,,,,
TLS,,,,,,,,,,,,,,,,,,,,,,,,,,,,1,,,,,,,,,1,,,,,,
TLS,,,,,,,,,,,,,,,,,,,,,,1,,2,,,,2,,,,,,,,,,,,,1,,
TLS,,,,,,,,,,,,,,,,,,,,,,,,,,,1,,,,,,,,,,,,,,,1,
TLS,,,,,,,,,,,,,,,,,,,,,,1,,2,,,1,3,,,,,,,,,1,,,,1,1,
TGO,1,,,,,,,,,1,,,,,,,,,,,,,,,,,,,,,,,,,,,,,,,,,
TGO,,,,,,,,,,,,,,,1,2,,,1,1,,,,,,,1,1,1,1,2,,,,,,,1,,,1,,1
TGO,1,,,,,,,,,1,,,,,1,2,,,1,1,,,,,,,1,1,1,1,2,,,,,,,1,,,1,,1
TKL,,,,,,,,1,,,1,,,,,,,,,,,,,,,1,,,,,,,,,,,,,,,,,
TKL,,,,,,,,1,,,1,,,,,,,,,,,,,,,1,,,,,,,,,,,,,,,,,
TON,,,,,,,,,,,,,,,,,,,,,,,,,,,,,,,,,,,,1,,,,,,,
TON,,,2,,,,,,,,1,,,,,,,1,2,,,1,,,1,,,,,,,1,,,1,,3,,1,,1,,
TON,,,2,,,,,,,,1,,,,,,,1,2,,,1,,,1,,,,,,,1,,,1,1,3,,1,,1,,
TTO,,,,,,,,,,,,,,,,,,,,,,,,,,,,,,,1,,,,,,,,,,,,
TTO,,,,,,,,,,,,,,1,,,1,,,,,,,,,,,,,,,,,,,,,,1,,,,1
TTO,,,,,,,,,,,,,,,,,,,,,,,,,1,,,,,,,,,,,,,,,,,,
TTO,,,,,,,,,,,1,,,,,,,,,,,,,,1,1,,,,,,,,,,,,,,,,,
TTO,,,,,,,,,,,1,,,1,,,1,,,,,,,,2,1,,,,,1,,,,,,,,1,,,,1
TUN,,,,,,,,,1,,,,,,,,,,,,,,,,,,,,,,,,,,,,,,,,,,
TUN,,,1,,,,1,,,,1,,,,,,,,,,,,,2,,,,2,,1,,,,,,,,,2,,1,1,1
TUN,,,1,,,,1,,1,,1,,,,,,,,,,,,,2,,,,2,,1,,,,,,,,1,2,,1,2,1
TUN,,,,,,,,,,,,,,,,,,,,,,,,,,,,,,,,,,,,,,1,,,,1,
TUR,,,,,,,,1,,,,,,,1,,,,,,1,1,,,1,1,,1,,,,,,,,,,,,,,,
TUR,1,1,,,1,,,,1,,2,1,,,,2,,,3,,1,3,1,1,3,2,2,3,,2,,1,1,,,2,,,,3,3,2,3
TUR,1,,,,,,,,1,,,,,1,,1,,,,,,1,,,,1,,,,2,1,,,1,,,,,1,,1,,
TUR,,,,,,,,,,,,1,,,1,,,,,,,,1,,3,1,,,,,,,,,,,,1,,,1,,
TUR,2,1,,,1,1,,1,2,,2,2,,1,2,3,1,,3,,4,5,2,1,7,5,2,4,1,4,1,1,1,1,,2,,1,1,3,5,3,3
TUR,,,,,,1,,,,,,,,,,,1,,,,2,,,,,,,,1,,,,,,,,,,,,,1,
TKM,,,,,,,,,,,,,,1,,,,,,,,,,,,,,,,,,,,,,,,,,,,,
TKM,,,,,,,,,,,,,,1,,,,,,,,,,,,,,,,,,,,,,,,,,,,,
TCA,,,,,,1,,,,,1,,,,,,,,,,,,,,1,,,,3,,,,,,,,,1,,,,,
TCA,,,,,,1,,,,,1,,,,,,,,,,,,,,1,,,,3,,,,,,,,,1,,,,,
TUV,,,,,,,,,,,,,,,,,,,,,,,,,,,,,,,,1,,,,,,,,,,1,
TUV,,,,,1,,,1,,,1,,,1,,,,,,,,,,,,,,,,,,,,,,1,,,,,1,,
TUV,,,,,1,,,1,,,1,,,1,,,,,,,,,,,,,,,,,,1,,,,1,,,,,1,1,
UGA,,,,,,,,1,,,,,,,,,,,1,1,,,1,,,1,,,1,,1,,,,,,,,,,,,1
UGA,,,,,,,,,,,,,,,,,,1,1,,,2,2,2,2,,2,2,1,,,1,1,1,,,1,1,,5,5,3,3
UGA,,,,,,,,,,,,,,,,,,1,,,,1,,,,,,,,,1,,1,,,,1,,1,3,,,1
UGA,,,,,,,,,,,,,,,,,,,,,2,,1,,,,,,,,,1,,,,,,,,,1,,
UGA,,,,,,,,1,,,,,,,,,,2,2,1,2,3,4,2,2,1,2,2,2,,2,2,2,1,,,2,1,1,8,6,3,5
UKR,,,,,,,,,,,,,,,,,,,,,,,,,,,,,,,,,1,,,,,,,,,,
UKR,,,,,,,,,,,,,,,,,,,,,1,,,,,1,,,1,1,,,2,,,,1,1,,,,,
UKR,,,,,,,,,,,,,,2,,1,1,1,1,,,1,,1,,1,2,,1,,1,,,1,,,1,,,,1,,
UKR,,,,,,,,,,,,,1,,,,,1,,,3,,,,,,,2,,,,,,,,,,,1,,,1,
UKR,,,,,,,,,,,,,1,2,,1,1,2,1,,4,1,,1,,2,2,2,2,1,1,,3,1,,,2,1,1,,3,1,
UKR,,,,,,,,,,,,,,,,,,,,,,,,,,,,,,,,,,,,,,,,,2,,
ARE,,,,,,,,,,,,,,,,,,,,,,,,,,,,,,,,,,,,,,1,,,,,
ARE,,,,,,,,,,,,,,,,,,,,,,,,,,,,,,,,,,,,,,1,,,,,
GBR,,,,,,,,,,,,,,,,,,,,,,,,,,,,,,,,,,,,,,,,,,,1
GBR,,,,,,,,,,,,1,,,,,,1,,,,,,1,,2,,,,1,1,,,1,,,,,1,2,1,,1
GBR,,,,,,,,,,,,,,2,2,,,2,1,1,3,2,3,,1,,,3,2,1,,,5,1,1,1,,1,,1,1,,
GBR,,1,,1,1,,1,1,,1,7,1,,,,1,1,,3,2,3,,2,,,2,,1,1,1,1,,,3,1,1,,,1,,1,1,3
GBR,,1,,1,1,,1,1,,1,7,2,,2,2,1,1,3,4,3,6,2,5,1,1,4,,4,3,3,2,,5,5,2,2,,1,2,3,3,1,5
USA,,,,,,,,,1,,,2,,,,,,,,1,2,,1,,,,,1,,,,1,2,,1,1,,1,1,,1,1,1
USA,1,,,1,,,1,1,,1,2,,,1,,2,,,1,1,1,1,1,,1,1,2,,1,1,,1,1,1,1,,,,,,,1,
USA,3,1,2,2,3,5,3,,3,,4,14,,6,1,5,4,8,7,1,8,5,4,4,4,6,11,6,4,4,3,4,1,7,2,5,6,3,3,4,2,12,3
USA,,,,,,,,,,,,,,,1,,,,,,,,,1,,,,,,,,,,,1,,,,1,,,,
USA,3,3,11,6,11,10,2,8,18,16,15,17,27,20,9,10,9,23,20,16,12,17,15,14,12,8,12,13,14,10,12,14,19,15,13,19,16,17,11,14,19,23,17
USA,7,4,13,9,14,15,6,9,22,17,21,35,29,28,14,17,14,33,32,22,30,26,29,22,20,16,28,23,21,17,15,23,25,28,19,29,26,24,19,20,23,43,25
USA,,,,,,,,,,,,2,2,1,3,,1,2,4,3,7,3,8,3,3,1,3,3,2,2,,3,2,5,1,4,4,3,3,2,1,6,4
VIR,,,,,,,,,,1,,,,,,2,,,1,1,,,,,1,,,,,,,,,,,,,2,,,,,
VIR,,,,,,,,,,1,,,,,,2,,,1,1,,,,,1,,,,,,,,,,,,,2,,,,,
URY,,,,,,,,,,,,,,,,,,,,1,,,,,,,,,,,,,,,,,,,1,,,,
URY,,,,,,,,,,,,,,,,,,,,,1,,,,1,,,1,,,1,,,,,,,,,,,,
URY,,,,,,,1,,,,,1,1,,,,,,1,,1,1,1,1,,,,2,,1,,,,,,3,1,1,,3,1,,1
URY,,,,,,,,,,,,,,1,,,,1,,1,1,,1,,,1,,,,,,,,,,,,,,,1,,
URY,,,,,,,1,,,,,1,1,1,,,,1,1,2,3,1,2,1,1,1,,3,,1,1,,,,,3,1,1,1,3,2,,1
UZB,,,,,,,,,,,,,,,,,,,,,1,,,,,,,,,,,,,,,,,,,,,,
UZB,,,,,,,,,,,,,,,,,,,,,,,,,,1,,,,,,,,,,,,,,,1,,1
UZB,,,,,,,,,,,,,,,,,,,,1,,,,,,,,,,,,,,,,,,,,,,1,
UZB,,,,,,,,,,,,,,,,,,,,1,1,,,,,1,,,,,,,,,,,,,,,1,1,1
VUT,,,,,,,,,,,,,,,,,,,,,,,1,,,,,,,1,,,,,,,,,,,,,
VUT,,,,,,,,,1,,,,,,,,,,,,,,,,,,,,,,,,,,,,,,,,,,
VUT,,2,,,,1,,1,2,,,,2,1,,,,,1,1,,2,,,1,,,,,,,2,,,1,1,,1,,,1,,
VUT,,2,,,,1,,1,3,,,,2,1,,,,,1,1,,2,1,,1,,,,,1,,2,,,1,1,,1,,,1,,
VEN,,,,,,,,,,,,,,,,,,,,,,,,,,,,,,1,,,,,,,,,,,,,
VEN,,,,,,1,,1,2,,,,,,1,,2,1,,3,2,,1,2,1,4,1,,1,,1,3,1,,,1,1,,2,1,1,2,5
VEN,,1,,,,,,1,,,,,,,1,,,,,,,,,,,,,,,,,,,,,,,,,,,,2
VEN,,,,,,,,,1,,,,,1,,,,,,,,,,,1,,,,,,1,,,,,,,,,,,,1
VEN,,1,,,,1,,2,3,,,,,1,2,,2,1,,3,2,,1,2,2,4,1,,1,1,2,3,1,,,1,1,,2,1,1,2,8
VNM,,,,,,,,1,,,,,,,,,,1,,1,,,1,,,1,,,,,,,,,,1,,,,1,,,
VNM,1,,,,1,1,1,,,,1,3,2,1,1,1,2,,1,3,2,4,3,3,3,5,5,5,5,2,4,3,1,6,,2,4,5,3,5,1,3,5
VNM,,,,,,,,,,,,,1,,1,,,,,,2,,,,1,,,,,1,,,,,,,,,,,,,
VNM,2,,1,3,2,1,1,2,2,3,3,4,2,3,1,1,4,3,3,1,7,3,1,1,2,4,6,1,5,3,3,2,3,4,3,2,4,4,4,2,10,5,3
VNM,3,,1,3,3,2,2,3,2,3,4,7,5,4,3,2,6,4,4,5,11,7,6,4,6,10,11,6,10,6,7,5,4,10,3,5,8,9,7,8,11,8,8
VNM,,,,,,,,,,,,,,,,,,,,,,,1,,,,,,,,,,,,,,,,,,,,
WLF,,,,,,,1,,,,,,,,,,,,,,,,,,,,,,,,,,1,,,,,,,,,,
WLF,,,,,,,1,,,,,,,,,,,,,,,,,,,,,,,,,,1,,,,,,,,,,
PSE,,,,,,,,,,,,,,,,,,,,,,,,,,,,,,,,,,,,,,,,,1,,1
PSE,,,,,,,,,,,,,,,,,,,,,,,,,,,,,1,,1,,1,1,,,,,,,,,
PSE,,,,,,,,,,,,,,,,,,,,,,,,,,,,,,,,,,1,,2,,,,,,,
PSE,,,,,,,,,,,,,,,,,,,,,,,,,,,,,1,,1,,1,2,,2,,,,,1,,1
YEM,,,,,,,,,,,,1,,1,,,2,,2,1,,1,4,1,,2,2,3,1,,2,,,1,,,1,1,,3,5,2,3
YEM,,,,,,,,,,,,,,,,,,,,,,,,,,1,,,,1,,,,,,,1,,,,,,
YEM,,,,,,,,,,,,,,,,,,,,,,2,,,,,,,,,,,,,,2,,,2,,,,
YEM,,,,,,,,,,,,1,,1,,,2,,2,1,,3,4,1,,3,2,3,1,1,2,,,1,,2,2,1,2,3,5,2,3
ZMB,,1,,1,,,,,,,1,,,,,1,,,,,,,,,,1,,,,,,,,,,,,,,1,,1,
ZMB,,,,,,,,,,1,,,,,,,,,1,,1,1,,2,1,1,,3,1,1,1,1,,1,1,,,,,1,3,,1
ZMB,,,,,,,,,,,,,,,,,,,,,,,,,,,,,,,1,,,,,,,,,,,,
ZMB,,1,,1,,,,,,1,1,,,,,1,,,1,,1,1,,2,1,2,,3,1,1,2,1,,1,1,,,,,2,3,1,1
ZWE,,1,,,,,,,,,1,,,,,,,,1,,,1,,,,,,1,,,1,,,1,,,,1,,,,1,
ZWE,,,,,,,,,,,,,,,,,,,1,,1,1,,1,,,,2,,,1,1,,1,2,,,,,1,,,1
ZWE,,,,,,,,,,,,,,,,,,,,,,,,1,,,,1,,,,,,,,1,1,1,,1,,1,1
ZWE,,1,,,,,,,,,1,,,,,,,,2,,1,2,,2,,,,4,,,2,1,,2,2,1,1,2,,2,,2,2
